-- MariaDB dump 10.19  Distrib 10.4.28-MariaDB, for osx10.10 (x86_64)
--
-- Host: localhost    Database: team12
-- ------------------------------------------------------
-- Server version	10.4.28-MariaDB

/*!40101 SET @OLD_CHARACTER_SET_CLIENT=@@CHARACTER_SET_CLIENT */;
/*!40101 SET @OLD_CHARACTER_SET_RESULTS=@@CHARACTER_SET_RESULTS */;
/*!40101 SET @OLD_COLLATION_CONNECTION=@@COLLATION_CONNECTION */;
/*!40101 SET NAMES utf8mb4 */;
/*!40103 SET @OLD_TIME_ZONE=@@TIME_ZONE */;
/*!40103 SET TIME_ZONE='+00:00' */;
/*!40014 SET @OLD_UNIQUE_CHECKS=@@UNIQUE_CHECKS, UNIQUE_CHECKS=0 */;
/*!40014 SET @OLD_FOREIGN_KEY_CHECKS=@@FOREIGN_KEY_CHECKS, FOREIGN_KEY_CHECKS=0 */;
/*!40101 SET @OLD_SQL_MODE=@@SQL_MODE, SQL_MODE='NO_AUTO_VALUE_ON_ZERO' */;
/*!40111 SET @OLD_SQL_NOTES=@@SQL_NOTES, SQL_NOTES=0 */;

--
-- Table structure for table `cuisines`
--

DROP TABLE IF EXISTS `cuisines`;
/*!40101 SET @saved_cs_client     = @@character_set_client */;
/*!40101 SET character_set_client = utf8 */;
CREATE TABLE `cuisines` (
  `cuisine_id` int(11) NOT NULL AUTO_INCREMENT,
  `cuisine_name` varchar(50) NOT NULL,
  PRIMARY KEY (`cuisine_id`),
  UNIQUE KEY `cuisine_name` (`cuisine_name`)
) ENGINE=InnoDB AUTO_INCREMENT=21 DEFAULT CHARSET=utf8mb4 COLLATE=utf8mb4_unicode_ci;
/*!40101 SET character_set_client = @saved_cs_client */;

--
-- Dumping data for table `cuisines`
--

LOCK TABLES `cuisines` WRITE;
/*!40000 ALTER TABLE `cuisines` DISABLE KEYS */;
INSERT INTO `cuisines` VALUES (16,'Bakery'),(11,'BBQ'),(14,'Burger'),(15,'Cafe'),(12,'Chicken'),(3,'Chinese'),(20,'Dessert'),(6,'French'),(19,'Fusion'),(9,'Indian'),(5,'Italian'),(2,'Japanese'),(1,'Korean'),(10,'Mexican'),(13,'Pizza'),(17,'Seafood'),(7,'Thai'),(18,'Vegetarian'),(8,'Vietnamese'),(4,'Western');
/*!40000 ALTER TABLE `cuisines` ENABLE KEYS */;
UNLOCK TABLES;

--
-- Table structure for table `districts`
--

DROP TABLE IF EXISTS `districts`;
/*!40101 SET @saved_cs_client     = @@character_set_client */;
/*!40101 SET character_set_client = utf8 */;
CREATE TABLE `districts` (
  `district_id` int(11) NOT NULL AUTO_INCREMENT,
  `district_name` varchar(50) NOT NULL,
  PRIMARY KEY (`district_id`),
  UNIQUE KEY `district_name` (`district_name`)
) ENGINE=InnoDB AUTO_INCREMENT=26 DEFAULT CHARSET=utf8mb4 COLLATE=utf8mb4_unicode_ci;
/*!40101 SET character_set_client = @saved_cs_client */;

--
-- Dumping data for table `districts`
--

LOCK TABLES `districts` WRITE;
/*!40000 ALTER TABLE `districts` DISABLE KEYS */;
INSERT INTO `districts` VALUES (10,'Dobong-gu'),(11,'Dongdaemun-gu'),(12,'Dongjak-gu'),(22,'Eunpyeong-gu'),(3,'Gangbuk-gu'),(2,'Gangdong-gu'),(1,'Gangnam-gu'),(4,'Gangseo-gu'),(8,'Geumcheon-gu'),(7,'Guro-gu'),(5,'Gwanak-gu'),(6,'Gwangjin-gu'),(23,'Jongno-gu'),(24,'Jung-gu'),(25,'Jungnang-gu'),(13,'Mapo-gu'),(9,'Nowon-gu'),(15,'Seocho-gu'),(14,'Seodaemun-gu'),(17,'Seongbuk-gu'),(16,'Seongdong-gu'),(18,'Songpa-gu'),(19,'Yangcheon-gu'),(20,'Yeongdeungpo-gu'),(21,'Yongsan-gu');
/*!40000 ALTER TABLE `districts` ENABLE KEYS */;
UNLOCK TABLES;

--
-- Table structure for table `occasions`
--

DROP TABLE IF EXISTS `occasions`;
/*!40101 SET @saved_cs_client     = @@character_set_client */;
/*!40101 SET character_set_client = utf8 */;
CREATE TABLE `occasions` (
  `occasion_id` int(11) NOT NULL AUTO_INCREMENT,
  `occasion_name` varchar(50) NOT NULL,
  PRIMARY KEY (`occasion_id`),
  UNIQUE KEY `occasion_name` (`occasion_name`)
) ENGINE=InnoDB AUTO_INCREMENT=11 DEFAULT CHARSET=utf8mb4 COLLATE=utf8mb4_unicode_ci;
/*!40101 SET character_set_client = @saved_cs_client */;

--
-- Dumping data for table `occasions`
--

LOCK TABLES `occasions` WRITE;
/*!40000 ALTER TABLE `occasions` DISABLE KEYS */;
INSERT INTO `occasions` VALUES (7,'Anniversary'),(6,'Birthday'),(2,'Business Meeting'),(8,'Casual'),(1,'Date'),(3,'Family Gathering'),(9,'First Date'),(4,'Friend Meetup'),(10,'Group Party'),(5,'Solo Dining');
/*!40000 ALTER TABLE `occasions` ENABLE KEYS */;
UNLOCK TABLES;

--
-- Table structure for table `restaurant_cuisines`
--

DROP TABLE IF EXISTS `restaurant_cuisines`;
/*!40101 SET @saved_cs_client     = @@character_set_client */;
/*!40101 SET character_set_client = utf8 */;
CREATE TABLE `restaurant_cuisines` (
  `restaurant_id` int(11) NOT NULL,
  `cuisine_id` int(11) NOT NULL,
  PRIMARY KEY (`restaurant_id`,`cuisine_id`),
  KEY `cuisine_id` (`cuisine_id`),
  CONSTRAINT `restaurant_cuisines_ibfk_1` FOREIGN KEY (`restaurant_id`) REFERENCES `restaurants` (`restaurant_id`) ON DELETE CASCADE,
  CONSTRAINT `restaurant_cuisines_ibfk_2` FOREIGN KEY (`cuisine_id`) REFERENCES `cuisines` (`cuisine_id`) ON DELETE CASCADE
) ENGINE=InnoDB DEFAULT CHARSET=utf8mb4 COLLATE=utf8mb4_unicode_ci;
/*!40101 SET character_set_client = @saved_cs_client */;

--
-- Dumping data for table `restaurant_cuisines`
--

LOCK TABLES `restaurant_cuisines` WRITE;
/*!40000 ALTER TABLE `restaurant_cuisines` DISABLE KEYS */;
INSERT INTO `restaurant_cuisines` VALUES (1,1),(1,19),(2,1),(2,19),(3,11),(4,1),(5,1),(6,1),(7,1),(8,1),(8,6),(9,1),(10,1),(11,1),(11,6),(12,11),(13,4),(14,11),(15,11),(16,5),(16,19),(17,1),(17,19),(18,20),(19,2),(19,17),(20,1),(20,17),(21,11),(22,1),(22,19),(23,1),(24,1),(25,2),(26,1),(26,10),(27,14),(28,20),(29,15),(30,15),(31,1),(31,18),(32,1),(32,19),(33,1),(33,11),(34,5),(34,6),(35,14),(36,12),(37,1),(38,1),(39,1),(40,12),(41,1),(42,1),(43,1),(44,11),(45,11),(46,1),(46,4),(47,11),(48,5),(48,6),(49,15),(50,15),(51,15),(51,16),(52,15),(53,1),(53,18),(54,1),(54,7),(55,11),(56,11),(57,1),(58,1),(59,15),(60,15),(61,15),(62,15),(63,20),(64,14),(65,14),(66,1),(66,19),(67,4),(67,5),(68,1),(69,1),(70,1),(71,1),(72,1),(73,15),(74,15),(75,1),(75,19),(76,1),(77,1),(78,8),(79,1),(79,10),(80,4),(81,15),(82,1),(83,20),(84,1),(85,1),(86,1),(87,2),(87,17),(88,11),(89,11),(90,11),(91,1),(91,6),(92,2),(92,17),(93,1),(93,2),(94,1),(94,6),(95,4),(95,6),(96,1),(97,1),(98,1),(98,2),(99,11),(100,1),(101,1),(102,13),(103,12),(104,1),(105,1),(106,19),(107,15),(108,2),(109,10),(110,11),(111,2),(112,18),(113,8),(114,12),(115,15),(116,3),(117,9),(118,5),(119,18),(120,3),(121,2),(122,3),(123,7),(124,2),(125,15),(126,12),(127,14),(128,4),(129,18),(130,19);
/*!40000 ALTER TABLE `restaurant_cuisines` ENABLE KEYS */;
UNLOCK TABLES;

--
-- Table structure for table `restaurants`
--

DROP TABLE IF EXISTS `restaurants`;
/*!40101 SET @saved_cs_client     = @@character_set_client */;
/*!40101 SET character_set_client = utf8 */;
CREATE TABLE `restaurants` (
  `restaurant_id` int(11) NOT NULL AUTO_INCREMENT,
  `name` varchar(100) NOT NULL,
  `address` varchar(200) NOT NULL,
  `description` text DEFAULT NULL,
  `price` int(10) unsigned NOT NULL,
  `opening_hours` varchar(255) DEFAULT NULL,
  `closed_day` varchar(20) DEFAULT NULL,
  `avg_rating` decimal(3,2) DEFAULT 0.00,
  `review_count` int(11) DEFAULT 0,
  `district_id` int(11) NOT NULL,
  PRIMARY KEY (`restaurant_id`),
  KEY `district_id` (`district_id`),
  CONSTRAINT `restaurants_ibfk_1` FOREIGN KEY (`district_id`) REFERENCES `districts` (`district_id`) ON DELETE CASCADE
) ENGINE=InnoDB AUTO_INCREMENT=131 DEFAULT CHARSET=utf8mb4 COLLATE=utf8mb4_unicode_ci;
/*!40101 SET character_set_client = @saved_cs_client */;

--
-- Dumping data for table `restaurants`
--

LOCK TABLES `restaurants` WRITE;
/*!40000 ALTER TABLE `restaurants` DISABLE KEYS */;
INSERT INTO `restaurants` VALUES (1,'Mingles','19 Dosan-daero 67-gil, Gangnam-gu','Modern Korean fine dining with seasonal ingredients',150000,'18:00-22:00','Sunday',3.50,8,1),(2,'Jungsik','11 Seolleung-ro 158-gil, Gangnam-gu','Contemporary Korean cuisine',180000,'12:00-22:00','Monday',3.71,7,1),(3,'Maple Tree House','136 Dosan-daero, Gangnam-gu','Premium Korean BBQ restaurant',65000,'11:30-23:00',NULL,3.63,8,1),(4,'Tosokchon','5 Jahamun-ro 5-gil, Jongno-gu','Famous for traditional ginseng chicken soup',22000,'10:00-22:00','Tuesday',3.75,8,23),(5,'Gwangjang Market Bindaetteok','88 Changgyeonggung-ro, Jung-gu','Traditional mung bean pancake stall',8000,'09:00-23:00',NULL,4.14,7,24),(6,'Hanilkwan','40 Cheonggyecheon-ro, Jung-gu','Historic Korean restaurant since 1939',45000,'11:00-21:30',NULL,3.38,8,24),(7,'Gaehwaok','10 Ujeongguk-ro, Jung-gu','Traditional Korean restaurant specializing in gomtang',15000,'00:00-23:59',NULL,3.88,8,24),(8,'Bicena','18 Toegye-ro, Jung-gu','Michelin-starred Korean restaurant',120000,'12:00-21:30','Sunday',3.63,8,24),(9,'Balwoo Gongyang','56 Ujeongguk-ro, Jongno-gu','Korean Buddhist temple cuisine',65000,'12:00-21:00','Monday',3.86,7,23),(10,'Mugyodong Bugeokukjib','52-11 Myeongdong 8na-gil, Jung-gu','Dried pollack soup specialty',11000,'08:00-22:00',NULL,3.75,8,24),(11,'La Yeon','125 Sogong-ro, Jung-gu','Three Michelin star Korean restaurant',200000,'12:00-21:30',NULL,3.38,8,24),(12,'Samwon Garden','623 Eonju-ro, Gangnam-gu','Upscale Korean BBQ with beautiful garden',85000,'11:30-22:00',NULL,3.86,7,1),(13,'Wangbijib','56 Sinchon-ro, Mapo-gu','Affordable pork cutlet restaurant popular with students',9000,'11:00-22:00',NULL,3.38,8,13),(14,'Onsaemiro','155 Yanghwa-ro, Mapo-gu','Cozy samgyeopsal restaurant in Hongdae',14000,'17:00-03:00',NULL,4.00,8,13),(15,'Yeontabal','22 Wausan-ro 29ma-gil, Mapo-gu','Charcoal-grilled BBQ restaurant',17000,'17:00-02:00',NULL,3.75,8,13),(16,'Mad for Garlic','452 Apgujeong-ro, Gangnam-gu','Italian fusion with garlic theme',28000,'11:30-22:00',NULL,3.57,7,1),(17,'School Food','20 Hongik-ro 3-gil, Mapo-gu','Modern Korean street food',13000,'11:00-22:00',NULL,4.00,8,13),(18,'Passion 5','272 Itaewon-ro, Yongsan-gu','Premium dessert cafe and bakery',18000,'10:00-22:00',NULL,3.38,8,13),(19,'Sushi Cho','11 Eonju-ro 170-gil, Gangnam-gu','High-end omakase sushi',250000,'18:00-22:00','Sunday',4.00,7,1),(20,'Noryangjin Fish Market','674 Nodeul-ro, Dongjak-gu','Fresh seafood market with restaurants',45000,'00:00-23:59',NULL,3.50,8,12),(21,'Hanchu','216 Itaewon-ro, Yongsan-gu','Premium Korean beef restaurant',95000,'12:00-22:00',NULL,3.63,8,21),(22,'Poom Seoul','76 Yulgok-ro, Jongno-gu','Modern Korean dining with traditional touches',75000,'12:00-21:30','Monday',4.00,8,23),(23,'Jaha Sonmandoo','10-5 Jahamun-ro 7-gil, Jongno-gu','Hand-made dumpling restaurant',12000,'11:00-21:00','Sunday',3.71,7,23),(24,'Imun Seolnongtang','38-13 Yulgok-ro 3-gil, Jongno-gu','Traditional ox bone soup',13000,'00:00-23:59',NULL,4.13,8,23),(25,'Tteuran Sushi','12 Hongik-ro 5-gil, Mapo-gu','Affordable conveyor belt sushi',15000,'11:30-22:00',NULL,3.50,8,13),(26,'Vatos Urban Tacos','231 Itaewon-ro, Yongsan-gu','Korean-Mexican fusion tacos',22000,'11:30-23:00',NULL,3.71,7,21),(27,'Egg Drop','411 Gangnam-daero, Gangnam-gu','Popular egg sandwich chain',7500,'08:00-21:00',NULL,3.63,8,1),(28,'Sulbing','90 Eoulmadang-ro, Mapo-gu','Korean shaved ice dessert cafe',13000,'11:00-23:00',NULL,3.75,8,13),(29,'Anthracite Coffee','240-1 Seongsan-dong, Mapo-gu','Industrial-style specialty coffee roastery',6500,'10:00-22:00',NULL,4.13,8,13),(30,'Blue Bottle Coffee Samcheong','8 Bukchon-ro 5-gil, Jongno-gu','Specialty coffee in traditional neighborhood',7000,'08:00-19:00',NULL,3.29,7,23),(31,'Plant Cafe','14 Sowol-ro 2-gil, Yongsan-gu','Vegan and vegetarian restaurant',16000,'11:00-21:00','Monday',3.88,8,21),(32,'Jungsik Dang','11 Seolleung-ro 158-gil, Gangnam-gu','Casual dining by Jungsik',45000,'11:30-21:30',NULL,3.63,8,1),(33,'Born and Bred','21 Seolleung-ro 151-gil, Gangnam-gu','Premium Korean beef BBQ',110000,'17:00-23:00','Sunday',3.86,7,1),(34,'Bongpiyang','22 Wausan-ro 21-gil, Mapo-gu','Authentic French bistro',38000,'18:00-23:00','Monday',3.75,8,13),(35,'Gorilla Brewing','31 Wausan-ro 27-gil, Mapo-gu','Craft beer pub with burgers',24000,'17:00-02:00',NULL,3.38,8,13),(36,'Masizzim','423 Gangnam-daero, Gangnam-gu','Spicy chicken stew chain',11000,'11:00-23:00',NULL,3.88,8,1),(37,'Myeongdong Kyoja','29 Myeongdong 10-gil, Jung-gu','Famous kalguksu and mandu',10000,'10:30-21:30','Sunday',3.43,7,24),(38,'Gogung','27 Myeongdong 9-gil, Jung-gu','Bibimbap specialty restaurant',13000,'11:00-22:00',NULL,4.00,8,24),(39,'Hadongkwan','12 Myeongdong 9-gil, Jung-gu','Traditional gomtang since 1939',15000,'07:00-16:30','Sunday',3.75,8,24),(40,'Jinokhwa Halmae Wonjo Dakhanmari','32-1 Dongmun-ro, Dongdaemun-gu','Chicken soup specialty',14000,'10:00-01:00',NULL,3.57,7,11),(41,'Ddongchimi Naengmyeon','136-1 Gwanhun-dong, Jongno-gu','Traditional cold noodles',11000,'11:30-21:00','Monday',4.00,8,23),(42,'Bukchon Son Mandu','10-11 Bukchon-ro 5-gil, Jongno-gu','Handmade dumpling restaurant',9000,'11:00-21:00',NULL,3.38,8,23),(43,'Samcheongdong Sujebi','101-1 Samcheong-ro, Jongno-gu','Korean hand-pulled dough soup',8000,'10:30-21:00','Tuesday',4.00,8,23),(44,'Hanchu Korean Beef BBQ','216 Itaewon-ro, Yongsan-gu','Premium hanwoo beef restaurant',98000,'12:00-22:00',NULL,3.57,7,21),(45,'Maple Tree House Itaewon','46 Sinheung-ro, Yongsan-gu','Korean BBQ near Itaewon station',62000,'11:30-23:00',NULL,3.63,8,21),(46,'The Place Dining','8 Itaewon-ro 54-gil, Yongsan-gu','Steak and Western cuisine',55000,'17:00-23:00','Monday',4.00,8,21),(47,'Noksapyeong Galbi','119 Daesagwan-ro, Yongsan-gu','Charcoal grilled galbi restaurant',48000,'11:00-22:00',NULL,3.71,7,21),(48,'Seoga and Cook','1 Hongik-ro 7-gil, Mapo-gu','Italian restaurant in Hongdae',32000,'12:00-22:00','Sunday',4.13,8,13),(49,'Thanks Oatmeal','23 Eoulmadang-ro 5-gil, Mapo-gu','Healthy oatmeal cafe',9500,'09:00-20:00',NULL,3.50,8,13),(50,'Fritz Coffee Company','20 Wausan-ro 29ra-gil, Mapo-gu','Specialty coffee roastery',6500,'10:00-22:00',NULL,3.63,8,13),(51,'Cafe Onion Seongsu','8 Achasan-ro 9-gil, Seongdong-gu','Industrial bakery cafe',8500,'08:00-22:00',NULL,3.86,7,16),(52,'Daelim Changgo','42 Yanghwa-ro 7-gil, Mapo-gu','Renovated warehouse cafe and gallery',7000,'11:00-22:00',NULL,3.75,8,13),(53,'Osegyehyang','14-5 Insadong 10-gil, Jongno-gu','Vegetarian Buddhist cuisine',25000,'11:30-21:00','Sunday',4.13,8,23),(54,'Tuk Tuk Noodle Thai','34 Noksapyeong-daero 26-gil, Yongsan-gu','Authentic Thai street food',14000,'11:30-22:00',NULL,3.29,7,21),(55,'Saemaeul Sikdang','567 Gangnam-daero, Gangnam-gu','Spicy grilled pork chain',10000,'00:00-23:59',NULL,3.88,8,1),(56,'YG Republique','416 Apgujeong-ro, Gangnam-gu','BBQ restaurant by YG Entertainment',45000,'11:30-23:00',NULL,3.63,8,1),(57,'Soban Korea','18 Bukchon-ro 5ga-gil, Jongno-gu','Traditional Korean set meal',28000,'11:00-21:00','Monday',3.75,8,23),(58,'Gwangjang Market Yukhoe','88 Changgyeonggung-ro, Jung-gu','Raw beef specialty stall',12000,'09:00-22:00',NULL,4.14,7,24),(59,'Cafe Layered Jongno','32 Insadong-gil, Jongno-gu','Multi-story dessert cafe',15000,'10:00-23:00',NULL,3.38,8,23),(60,'Line Friends Cafe Itaewon','200 Itaewon-ro, Yongsan-gu','Character-themed cafe',12000,'10:00-22:00',NULL,3.88,8,21),(61,'Innisfree Jeju House','60 Hongik-ro 3-gil, Mapo-gu','Jeju-themed cafe by cosmetics brand',9000,'10:00-21:00',NULL,3.43,7,13),(62,'Ikseon-dong Hanok Cafe','11 Supyo-ro 28-gil, Jongno-gu','Traditional hanok tea house',10000,'11:00-21:00',NULL,4.00,8,23),(63,'Mango Six','445 Gangnam-daero, Gangnam-gu','Mango dessert cafe chain',11000,'11:00-23:00',NULL,3.75,8,1),(64,'Mom\'s Touch','44 Yonsei-ro, Seodaemun-gu','Korean fried chicken burger chain',7500,'10:00-23:00',NULL,3.38,8,14),(65,'Shake Shack Gangnam','435 Gangnam-daero, Gangnam-gu','American burger chain',12000,'11:00-23:00',NULL,3.86,7,1),(66,'Ryunique','21 Hakdong-ro 4-gil, Gangnam-gu','Creative contemporary Korean cuisine',95000,'18:00-22:00','Sunday',3.38,8,1),(67,'Tavolo 24','95 Cheongpa-ro 20-gil, Yongsan-gu','Italian restaurant with wine bar',42000,'11:30-22:30',NULL,4.00,8,21),(68,'Pyeongyang Myeonok','26 Jayang-dong, Jung-gu','North Korean style naengmyeon',13000,'11:30-21:00','Monday',3.57,7,24),(69,'Woo Lae Oak','62-29 Changgyeonggung-ro, Mapo-gu','Historic Korean BBQ since 1946',38000,'11:30-22:00',NULL,3.63,8,13),(70,'Dongdaemun Yukgaejang','272 Jangchungdan-ro, Dongdaemun-gu','Spicy beef soup specialty',10000,'00:00-23:59',NULL,4.00,8,11),(71,'Gwangjang Market Mayak Gimbap','88 Changgyeonggung-ro, Jung-gu','Addictive mini gimbap',4000,'08:00-22:00',NULL,3.38,8,24),(72,'Tongin Market Dosirak Cafe','18 Jahamun-ro 15-gil, Jongno-gu','Lunch box cafe with coin system',6500,'08:00-16:00','Monday',4.00,7,23),(73,'Noryangjin Sashimi Alley','674 Nodeul-ro, Dongjak-gu','Fresh fish market restaurants',50000,'00:00-23:59',NULL,3.50,8,12),(74,'Starbucks Reserve Jongno','20 Jongno 2-gil, Jongno-gu','Premium Starbucks Reserve',9000,'07:00-22:00',NULL,3.63,8,23),(75,'Terarosa Coffee Gangnam','11 Hakdong-ro 30-gil, Gangnam-gu','Specialty coffee roastery',7500,'08:00-22:00',NULL,3.86,7,1),(76,'Dokebi Korean Restaurant','19 Eoulmadang-ro 5-gil, Mapo-gu','Modern Korean fusion restaurant',32000,'11:30-22:00','Sunday',3.75,8,13),(77,'Mapo Jeukseok Tteokbokki','42 Mapo-daero, Mapo-gu','Instant tteokbokki specialty',5500,'10:00-23:00',NULL,4.13,8,13),(78,'Hangang Ramen','234 Mapo-daero, Mapo-gu','Late-night instant ramen restaurant',6000,'16:00-05:00',NULL,3.50,8,13),(79,'Myeongdong Dakgalbi Golmok','21 Myeongdong 8-gil, Jung-gu','Spicy stir-fried chicken',11000,'11:00-23:00',NULL,3.71,7,24),(80,'Buam-dong Pig\'s Feet','117 Jaha-mun-ro, Jongno-gu','Traditional pig\'s feet restaurant',28000,'16:00-02:00',NULL,3.63,8,23),(81,'Itaewon Kebab','149 Itaewon-ro, Yongsan-gu','Middle Eastern kebab restaurant',10000,'11:00-04:00',NULL,3.75,8,21),(82,'Linus BBQ Gangnam','518 Teheran-ro, Gangnam-gu','American BBQ restaurant',38000,'11:30-22:00','Monday',4.14,7,1),(83,'Kitchen Garden Gangnam','31 Bongeunsa-ro 2-gil, Gangnam-gu','Healthy salad and bowl restaurant',14000,'08:00-21:00',NULL,3.38,8,1),(84,'Tartine Gangnam','407 Apgujeong-ro, Gangnam-gu','French bakery and cafe',18000,'08:00-21:00',NULL,3.88,8,1),(85,'Seokparang','309 Jahamun-ro, Jongno-gu','Fine dining with hanok views',88000,'12:00-21:00','Sunday',3.63,8,23),(86,'Muoki','5 Olympic-ro 35da-gil, Songpa-gu','Japanese fusion restaurant',42000,'11:30-22:00','Monday',3.86,7,18),(87,'Hanilkwan Apgujeong','645 Sinsa-dong, Gangnam-gu','Branch of historic Korean restaurant',48000,'11:00-21:30',NULL,3.75,8,1),(88,'Gaon','317 Dosan-daero, Gangnam-gu','Three Michelin star Korean restaurant',220000,'12:00-21:30','Sunday',3.38,8,1),(89,'Soigné','459 Dosan-daero, Gangnam-gu','Contemporary fine dining',165000,'18:30-22:00','Sunday',3.86,7,1),(90,'Stay','27 Wausan-ro 29ma-gil, Mapo-gu','Modern European restaurant',52000,'18:00-23:00','Monday',3.38,8,13),(91,'Jinmi Pyeongyang Naengmyeon','18-4 Eulji-ro 12-gil, Jung-gu','North Korean style cold noodles',14000,'11:00-21:00',NULL,4.00,8,24),(92,'Oegojip Seolleongtang','32 Yonsei-ro 5da-gil, Mapo-gu','Traditional ox bone soup',11000,'00:00-23:59',NULL,3.75,8,13),(93,'Pildong Myeonok','26 Seoae-ro, Jung-gu','Old-school naengmyeon restaurant',12000,'11:00-21:00','Sunday',3.57,7,24),(94,'Allen Sushi Bar','217 Itaewon-ro, Yongsan-gu','Casual omakase sushi',85000,'18:00-22:30','Monday',4.00,8,21),(95,'Maple Tree House Yeouido','36 Gukjegeumyung-ro 8-gil, Yeongdeungpo-gu','Korean BBQ near business district',68000,'11:30-23:00',NULL,3.38,8,20),(96,'Black Pig Jeju','614 Gangnam-daero, Gangnam-gu','Jeju black pork BBQ',42000,'11:00-23:00',NULL,4.00,7,1),(97,'Congdu Pork Belly','34 Yanghwa-ro 16-gil, Mapo-gu','Premium pork belly restaurant',18000,'17:00-02:00',NULL,3.50,8,13),(98,'Seoul Samgyetang','85-1 Samil-daero 30-gil, Jongno-gu','Ginseng chicken soup specialty',16000,'10:00-22:00','Tuesday',3.63,8,23),(99,'Dongbaekseom','25 Apgujeong-ro 10-gil, Gangnam-gu','Authentic Korean seafood restaurant with fresh catch daily',72000,'11:00-22:00',NULL,4.00,8,1),(100,'Le Chamber Seoul','45 Wausan-ro 21-gil, Mapo-gu','French fine dining with Korean seasonal ingredients',135000,'18:00-22:30','Monday',3.71,7,13),(101,'Kimchi Stew Galbi','101 Dobong-ro, Gangbuk-gu','Traditional kimchi stew and grilled ribs',16000,'10:00-21:00','Monday',4.13,8,5),(102,'Hongdae California Pizza','222 Hongdae-ro, Mapo-gu','Casual American-style pizza house',21000,'11:00-23:00',NULL,3.50,8,13),(103,'Mapo Chicken Story','333 Mapo-daero, Mapo-gu','Crispy Korean fried chicken',19000,'12:00-24:00','Wednesday',3.71,7,13),(104,'Cheongdam Bossam','9-1 Apgujeong-ro, Gangnam-gu','Signature bossam and side dishes',28000,'10:30-22:30','Thursday',3.63,8,1),(105,'Jongno Gamjatang','87 Jongno 1-ga, Jongno-gu','Pork backbone stew, open late night',12000,'09:00-03:00',NULL,3.75,8,23),(106,'The Soban Itaewon','2 Itaewon-ro 42-gil, Yongsan-gu','Modern Korean fusion grill',37000,'17:00-24:00',NULL,4.13,8,21),(107,'Yeoksam Cafe Moment','98 Teheran-ro, Gangnam-gu','Trendy dessert and brunch cafe',17000,'07:00-22:00',NULL,3.29,7,1),(108,'Gwangjin Sushi Garden','54 Wangsimni-ro, Gwangjin-gu','Japanese sushi & sake bar',38000,'12:00-22:00',NULL,3.88,8,6),(109,'Seodaemun Tteokbokki','11 Yonsei-ro 15-gil, Seodaemun-gu','Spicy rice cakes and tempura',9000,'11:00-21:00',NULL,3.63,8,14),(110,'Cheese Dakgalbi','610 Olympic-ro, Songpa-gu','Cheese + chicken stir-fry specialty',19000,'12:00-23:00',NULL,3.86,7,18),(111,'Bukchon Noodle House','88 Bukchon-ro, Jongno-gu','Homemade noodles and dumplings',11000,'11:00-20:00','Tuesday',4.14,7,23),(112,'Namsan Vegan Kitchen','2 Myeongdong 7-gil, Jung-gu','Plant-based/vegan creative plates',21000,'10:00-22:00',NULL,3.38,8,24),(113,'Songpa Seoul Pho','210 Olympic-ro, Songpa-gu','Vietnamese pho and rice dishes',14000,'11:00-22:00','Thursday',3.88,8,18),(114,'Yeouido Donkatsu','41 Yeouido-dong, Yeongdeungpo-gu','Extra thick pork cutlet, Japanese style',16000,'11:30-22:00',NULL,3.43,7,20),(115,'Seocho Gourmet Street','5 Seocho-daero, Seocho-gu','Gourmet alley with various street food',7500,'09:00-20:00',NULL,4.00,8,15),(116,'Gangdong Hongli Hotpot','301 Gangdong-ro, Gangdong-gu','Chinese spicy hotpot with buffet',31000,'17:00-24:00',NULL,3.75,8,2),(117,'Yongsan Indian Curry','12 Itaewon-ro 36-gil, Yongsan-gu','North & South Indian curry house',19500,'11:00-22:30',NULL,3.57,7,21),(118,'Seongbuk Italian Table','8 Dongsomun-ro, Seongbuk-gu','Italian bistro with extensive wine',32000,'12:30-23:30','Friday',3.86,7,17),(119,'Gangseo Green Bistro','2 Hwagok-ro, Gangseo-gu','Casual vegetarian lunch, delicious salad',15400,'11:30-20:00',NULL,3.38,8,4),(120,'Nowon Jjajangmyeon','55 Nowon-ro, Nowon-gu','Classic Korean-Chinese noodles',8500,'10:00-22:00','Monday',4.00,8,9),(121,'Guro Sushi Express','310 Guro-dong, Guro-gu','Quick affordable sushi rolls',9000,'10:30-21:30',NULL,3.57,7,7),(122,'Dongjak Soondae House','17 Noryangjin-ro, Dongjak-gu','Best blood sausage and soup',9000,'09:00-22:00',NULL,3.63,8,12),(123,'Geumcheon Udon','22 Doksan-ro, Geumcheon-gu','Japanese udon noodles & tempura',12000,'11:00-21:00','Wednesday',4.00,8,8),(124,'Dobong Ramen Garage','88 Dobong-ro, Dobong-gu','Late-night ramen and snacks',16000,'18:00-03:00',NULL,3.71,7,10),(125,'Mapo Brunch Club','61 Hongdae-ro, Mapo-gu','All-day brunch, pancakes and coffee',15500,'08:00-18:00',NULL,4.00,7,13),(126,'Gwanak Chicken Nuggets','367 Sillim-ro, Gwanak-gu','Crispy homemade chicken nuggets',13500,'12:00-22:00',NULL,3.50,8,5),(127,'Yangcheon Calzone','17 Mokdong-ro, Yangcheon-gu','Italian calzone and pizza',21500,'11:00-23:00',NULL,3.63,8,19),(128,'Seocho Steakhouse','188 Seocho-daero, Seocho-gu','Dry-aged steak and wine',89000,'17:30-23:30','Sunday',3.86,7,15),(129,'Songpa Laksa','50 Songpa-daero, Songpa-gu','Singaporean laksa and seafood',15500,'13:00-21:00','Monday',3.75,8,18),(130,'Seongdong Vegan Burger','30 Wangsimni-ro, Seongdong-gu','Plant-based burgers & fries',14000,'10:00-20:00',NULL,4.13,8,16);
/*!40000 ALTER TABLE `restaurants` ENABLE KEYS */;
UNLOCK TABLES;

--
-- Table structure for table `reviews`
--

DROP TABLE IF EXISTS `reviews`;
/*!40101 SET @saved_cs_client     = @@character_set_client */;
/*!40101 SET character_set_client = utf8 */;
CREATE TABLE `reviews` (
  `review_id` int(11) NOT NULL AUTO_INCREMENT,
  `user_id` int(11) NOT NULL,
  `restaurant_id` int(11) NOT NULL,
  `occasion_id` int(11) NOT NULL,
  `time_slot_id` int(11) NOT NULL,
  `rating_score` tinyint(4) NOT NULL CHECK (`rating_score` between 1 and 5),
  `spend_amount` int(10) unsigned NOT NULL,
  `comment` text DEFAULT NULL,
  `created_at` datetime DEFAULT current_timestamp(),
  `visit_time` datetime NOT NULL,
  PRIMARY KEY (`review_id`),
  KEY `user_id` (`user_id`),
  KEY `restaurant_id` (`restaurant_id`),
  KEY `occasion_id` (`occasion_id`),
  KEY `time_slot_id` (`time_slot_id`),
  CONSTRAINT `reviews_ibfk_1` FOREIGN KEY (`user_id`) REFERENCES `users` (`user_id`) ON DELETE CASCADE,
  CONSTRAINT `reviews_ibfk_2` FOREIGN KEY (`restaurant_id`) REFERENCES `restaurants` (`restaurant_id`) ON DELETE CASCADE,
  CONSTRAINT `reviews_ibfk_3` FOREIGN KEY (`occasion_id`) REFERENCES `occasions` (`occasion_id`) ON DELETE CASCADE,
  CONSTRAINT `reviews_ibfk_4` FOREIGN KEY (`time_slot_id`) REFERENCES `time_slots` (`time_slot_id`) ON DELETE CASCADE
) ENGINE=InnoDB AUTO_INCREMENT=1024 DEFAULT CHARSET=utf8mb4 COLLATE=utf8mb4_unicode_ci;
/*!40101 SET character_set_client = @saved_cs_client */;

--
-- Dumping data for table `reviews`
--

LOCK TABLES `reviews` WRITE;
/*!40000 ALTER TABLE `reviews` DISABLE KEYS */;
INSERT INTO `reviews` VALUES (1,1,1,2,3,5,90000,'Excellent food and atmosphere! Will definitely come back.','2025-11-29 00:15:10','2025-11-29 00:00:00'),(2,2,8,9,1,5,100000,'Great place for special occasions. Service was impeccable.','2025-11-29 00:15:10','2025-11-28 01:00:00'),(3,3,15,6,4,5,110000,'Food was delicious and portions were generous.','2025-11-29 00:15:10','2025-11-27 02:00:00'),(4,4,22,3,2,5,120000,'Good value for money. Recommended for casual dining.','2025-11-29 00:15:10','2025-11-26 03:00:00'),(5,5,29,10,5,4,80000,'Perfect spot for a date. Romantic ambiance and cozy interior.','2025-11-29 00:15:10','2025-11-25 04:00:00'),(6,6,36,7,3,4,85000,'Family-friendly restaurant with a wide variety of dishes.','2025-11-29 00:15:10','2025-11-24 05:00:00'),(7,7,43,4,1,4,90000,'Quick service and tasty food. Ideal for lunch breaks.','2025-11-29 00:15:10','2025-11-23 06:00:00'),(8,8,50,1,4,3,95000,'Authentic flavors with traditional cooking style.','2025-11-29 00:15:10','2025-11-22 07:00:00'),(9,9,57,8,2,3,54000,'Modern twist on classic dishes. Very creative menu.','2025-11-29 00:15:10','2025-11-21 08:00:00'),(10,10,64,5,5,2,57000,'Cozy atmosphere, great for catching up with friends.','2025-11-29 00:15:10','2025-11-20 09:00:00'),(11,11,71,2,3,1,30000,'High quality ingredients. Worth the premium price.','2025-11-29 00:15:10','2025-11-19 10:00:00'),(12,12,78,9,1,5,33000,'Decent food but nothing extraordinary. Could be better.','2025-11-29 00:15:10','2025-11-18 11:00:00'),(13,13,85,6,4,5,36000,'Great for business meetings. Calm and professional setting.','2025-11-29 00:15:10','2025-11-17 12:00:00'),(14,14,92,3,2,5,9000,'Solo dining friendly. Comfortable seating and service.','2025-11-29 00:15:10','2025-11-16 13:00:00'),(15,15,99,10,5,5,11000,'Enjoyable experience overall. Would visit again.','2025-11-29 00:15:10','2025-11-15 14:00:00'),(16,16,106,7,3,4,13000,'Amazing desserts and coffee. Perfect afternoon spot.','2025-11-29 00:15:10','2025-11-14 15:00:00'),(17,17,113,4,1,4,15000,'Staff were very kind and attentive throughout the meal.','2025-11-29 00:15:10','2025-11-13 16:00:00'),(18,18,120,1,4,4,17000,'Lively atmosphere, good for group gatherings and parties.','2025-11-29 00:15:10','2025-11-12 17:00:00'),(19,19,127,8,2,3,19000,'Portions were slightly small for the price, but tasty.','2025-11-29 00:15:10','2025-11-11 18:00:00'),(20,20,4,5,5,3,100000,'Reservation is recommended. The place gets crowded quickly.','2025-11-29 00:15:10','2025-11-10 19:00:00'),(21,21,11,2,3,2,110000,'Excellent food and atmosphere! Will definitely come back.','2025-11-29 00:15:10','2025-11-09 20:00:00'),(22,22,18,9,1,1,120000,'Great place for special occasions. Service was impeccable.','2025-11-29 00:15:10','2025-11-08 21:00:00'),(23,23,25,6,4,5,130000,'Food was delicious and portions were generous.','2025-11-29 00:15:10','2025-11-07 22:00:00'),(24,24,32,3,2,5,95000,'Good value for money. Recommended for casual dining.','2025-11-29 00:15:10','2025-11-06 23:00:00'),(25,25,39,10,5,5,60000,'Perfect spot for a date. Romantic ambiance and cozy interior.','2025-11-29 00:15:10','2025-11-05 00:00:00'),(26,26,46,7,3,5,65000,'Family-friendly restaurant with a wide variety of dishes.','2025-11-29 00:15:10','2025-11-04 01:00:00'),(27,27,53,4,1,4,48000,'Quick service and tasty food. Ideal for lunch breaks.','2025-11-29 00:15:10','2025-11-03 02:00:00'),(28,28,60,1,4,4,51000,'Authentic flavors with traditional cooking style.','2025-11-29 00:15:10','2025-11-02 03:00:00'),(29,29,67,8,2,4,54000,'Modern twist on classic dishes. Very creative menu.','2025-11-29 00:15:10','2025-11-01 04:00:00'),(30,30,74,5,5,3,57000,'Cozy atmosphere, great for catching up with friends.','2025-11-29 00:15:10','2025-10-31 05:00:00'),(31,31,81,2,3,3,30000,'High quality ingredients. Worth the premium price.','2025-11-29 00:15:10','2025-10-30 06:00:00'),(32,32,88,9,1,2,33000,'Decent food but nothing extraordinary. Could be better.','2025-11-29 00:15:10','2025-10-29 07:00:00'),(33,33,95,6,4,1,23000,'Great for business meetings. Calm and professional setting.','2025-11-29 00:15:10','2025-10-28 08:00:00'),(34,34,102,3,2,5,25000,'Solo dining friendly. Comfortable seating and service.','2025-11-29 00:15:10','2025-10-27 09:00:00'),(35,35,109,10,5,5,27000,'Enjoyable experience overall. Would visit again.','2025-11-29 00:15:10','2025-10-26 10:00:00'),(36,36,116,7,3,5,29000,'Amazing desserts and coffee. Perfect afternoon spot.','2025-11-29 00:15:10','2025-10-25 11:00:00'),(37,37,123,4,1,5,7000,'Staff were very kind and attentive throughout the meal.','2025-11-29 00:15:10','2025-10-24 12:00:00'),(38,38,130,1,4,4,9000,'Lively atmosphere, good for group gatherings and parties.','2025-11-29 00:15:10','2025-10-23 13:00:00'),(39,39,7,8,2,4,110000,'Portions were slightly small for the price, but tasty.','2025-11-29 00:15:10','2025-10-22 14:00:00'),(40,40,14,5,5,4,120000,'Reservation is recommended. The place gets crowded quickly.','2025-11-29 00:15:10','2025-10-21 15:00:00'),(41,41,21,2,3,3,130000,'Excellent food and atmosphere! Will definitely come back.','2025-11-29 00:15:10','2025-10-20 16:00:00'),(42,42,28,9,1,3,65000,'Great place for special occasions. Service was impeccable.','2025-11-29 00:15:10','2025-10-19 17:00:00'),(43,43,35,6,4,2,70000,'Food was delicious and portions were generous.','2025-11-29 00:15:10','2025-10-18 18:00:00'),(44,44,42,3,2,1,75000,'Good value for money. Recommended for casual dining.','2025-11-29 00:15:10','2025-10-17 19:00:00'),(45,45,49,10,5,5,80000,'Perfect spot for a date. Romantic ambiance and cozy interior.','2025-11-29 00:15:10','2025-10-16 20:00:00'),(46,46,56,7,3,5,45000,'Family-friendly restaurant with a wide variety of dishes.','2025-11-29 00:15:10','2025-10-15 21:00:00'),(47,47,63,4,1,5,48000,'Quick service and tasty food. Ideal for lunch breaks.','2025-11-29 00:15:10','2025-10-14 22:00:00'),(48,48,70,1,4,5,51000,'Authentic flavors with traditional cooking style.','2025-11-29 00:15:10','2025-10-13 23:00:00'),(49,49,77,8,2,4,54000,'Modern twist on classic dishes. Very creative menu.','2025-11-29 00:15:10','2025-10-12 00:00:00'),(50,50,84,5,5,4,57000,'Cozy atmosphere, great for catching up with friends.','2025-11-29 00:15:10','2025-10-11 01:00:00'),(51,51,91,2,3,4,30000,'High quality ingredients. Worth the premium price.','2025-11-29 00:15:10','2025-10-10 02:00:00'),(52,52,98,9,1,3,13000,'Decent food but nothing extraordinary. Could be better.','2025-11-29 00:15:10','2025-10-09 03:00:00'),(53,53,105,6,4,3,15000,'Great for business meetings. Calm and professional setting.','2025-11-29 00:15:10','2025-10-08 04:00:00'),(54,54,112,3,2,2,17000,'Solo dining friendly. Comfortable seating and service.','2025-11-29 00:15:10','2025-10-07 05:00:00'),(55,55,119,10,5,1,19000,'Enjoyable experience overall. Would visit again.','2025-11-29 00:15:10','2025-10-06 06:00:00'),(56,56,126,7,3,5,21000,'Amazing desserts and coffee. Perfect afternoon spot.','2025-11-29 00:15:10','2025-10-05 07:00:00'),(57,57,3,4,1,5,110000,'Staff were very kind and attentive throughout the meal.','2025-11-29 00:15:10','2025-10-04 08:00:00'),(58,58,10,1,4,5,120000,'Lively atmosphere, good for group gatherings and parties.','2025-11-29 00:15:10','2025-10-03 09:00:00'),(59,59,17,8,2,5,130000,'Portions were slightly small for the price, but tasty.','2025-11-29 00:15:10','2025-10-02 10:00:00'),(60,60,24,5,5,4,140000,'Reservation is recommended. The place gets crowded quickly.','2025-11-29 00:15:10','2025-10-01 11:00:00'),(61,61,31,2,3,4,80000,'Excellent food and atmosphere! Will definitely come back.','2025-11-29 00:15:10','2025-09-30 12:00:00'),(62,62,38,9,1,4,85000,'Great place for special occasions. Service was impeccable.','2025-11-29 00:15:10','2025-09-29 13:00:00'),(63,63,45,6,4,3,90000,'Food was delicious and portions were generous.','2025-11-29 00:15:10','2025-09-28 14:00:00'),(64,64,52,3,2,3,95000,'Good value for money. Recommended for casual dining.','2025-11-29 00:15:10','2025-09-27 15:00:00'),(65,65,59,10,5,2,42000,'Perfect spot for a date. Romantic ambiance and cozy interior.','2025-11-29 00:15:10','2025-09-26 16:00:00'),(66,66,66,7,3,1,45000,'Family-friendly restaurant with a wide variety of dishes.','2025-11-29 00:15:10','2025-09-25 17:00:00'),(67,67,73,4,1,5,48000,'Quick service and tasty food. Ideal for lunch breaks.','2025-11-29 00:15:10','2025-09-24 18:00:00'),(68,68,80,1,4,5,51000,'Authentic flavors with traditional cooking style.','2025-11-29 00:15:10','2025-09-23 19:00:00'),(69,69,87,8,2,5,54000,'Modern twist on classic dishes. Very creative menu.','2025-11-29 00:15:10','2025-09-22 20:00:00'),(70,70,94,5,5,5,25000,'Cozy atmosphere, great for catching up with friends.','2025-11-29 00:15:10','2025-09-21 21:00:00'),(71,71,101,2,3,4,27000,'High quality ingredients. Worth the premium price.','2025-11-29 00:15:10','2025-09-20 22:00:00'),(72,72,108,9,1,4,29000,'Decent food but nothing extraordinary. Could be better.','2025-11-29 00:15:10','2025-09-19 23:00:00'),(73,73,115,6,4,4,7000,'Great for business meetings. Calm and professional setting.','2025-11-29 00:15:10','2025-09-18 00:00:00'),(74,74,122,3,2,3,9000,'Solo dining friendly. Comfortable seating and service.','2025-11-29 00:15:10','2025-09-17 01:00:00'),(75,75,129,10,5,3,11000,'Enjoyable experience overall. Would visit again.','2025-11-29 00:15:10','2025-09-16 02:00:00'),(76,76,6,7,3,2,120000,'Amazing desserts and coffee. Perfect afternoon spot.','2025-11-29 00:15:10','2025-09-15 03:00:00'),(77,77,13,4,1,1,130000,'Staff were very kind and attentive throughout the meal.','2025-11-29 00:15:10','2025-09-14 04:00:00'),(78,78,20,1,4,5,140000,'Lively atmosphere, good for group gatherings and parties.','2025-11-29 00:15:10','2025-09-13 05:00:00'),(79,79,27,8,2,5,90000,'Portions were slightly small for the price, but tasty.','2025-11-29 00:15:10','2025-09-12 06:00:00'),(80,80,34,5,5,5,95000,'Reservation is recommended. The place gets crowded quickly.','2025-11-29 00:15:10','2025-09-11 07:00:00'),(81,81,41,2,3,5,60000,'Excellent food and atmosphere! Will definitely come back.','2025-11-29 00:15:10','2025-09-10 08:00:00'),(82,82,48,9,1,4,65000,'Great place for special occasions. Service was impeccable.','2025-11-29 00:15:10','2025-09-09 09:00:00'),(83,83,55,6,4,4,36000,'Food was delicious and portions were generous.','2025-11-29 00:15:10','2025-09-08 10:00:00'),(84,84,62,3,2,4,39000,'Good value for money. Recommended for casual dining.','2025-11-29 00:15:10','2025-09-07 11:00:00'),(85,85,69,10,5,3,42000,'Perfect spot for a date. Romantic ambiance and cozy interior.','2025-11-29 00:15:10','2025-09-06 12:00:00'),(86,86,76,7,3,3,45000,'Family-friendly restaurant with a wide variety of dishes.','2025-11-29 00:15:10','2025-09-05 13:00:00'),(87,87,83,4,1,2,48000,'Quick service and tasty food. Ideal for lunch breaks.','2025-11-29 00:15:10','2025-09-04 14:00:00'),(88,88,90,1,4,1,51000,'Authentic flavors with traditional cooking style.','2025-11-29 00:15:10','2025-09-03 15:00:00'),(89,89,97,8,2,5,15000,'Modern twist on classic dishes. Very creative menu.','2025-11-29 00:15:10','2025-09-02 16:00:00'),(90,90,104,5,5,5,17000,'Cozy atmosphere, great for catching up with friends.','2025-11-29 00:15:10','2025-09-01 17:00:00'),(91,91,111,2,3,5,19000,'High quality ingredients. Worth the premium price.','2025-11-29 00:15:10','2025-08-31 18:00:00'),(92,92,118,9,1,5,21000,'Decent food but nothing extraordinary. Could be better.','2025-11-29 00:15:10','2025-08-30 19:00:00'),(93,93,125,6,4,4,23000,'Great for business meetings. Calm and professional setting.','2025-11-29 00:15:10','2025-08-29 20:00:00'),(94,94,2,3,2,4,120000,'Solo dining friendly. Comfortable seating and service.','2025-11-29 00:15:10','2025-08-28 21:00:00'),(95,95,9,10,5,4,130000,'Enjoyable experience overall. Would visit again.','2025-11-29 00:15:10','2025-08-27 22:00:00'),(96,96,16,7,3,3,140000,'Amazing desserts and coffee. Perfect afternoon spot.','2025-11-29 00:15:10','2025-08-26 23:00:00'),(97,97,23,4,1,3,90000,'Staff were very kind and attentive throughout the meal.','2025-11-29 00:15:10','2025-08-25 00:00:00'),(98,98,30,1,4,2,65000,'Lively atmosphere, good for group gatherings and parties.','2025-11-29 00:15:10','2025-08-24 01:00:00'),(99,99,37,8,2,1,70000,'Portions were slightly small for the price, but tasty.','2025-11-29 00:15:10','2025-08-23 02:00:00'),(100,100,44,5,5,5,75000,'Reservation is recommended. The place gets crowded quickly.','2025-11-29 00:15:10','2025-08-22 03:00:00'),(101,1,51,2,3,5,80000,'Excellent food and atmosphere! Will definitely come back.','2025-11-29 00:15:10','2025-08-21 04:00:00'),(102,2,58,9,1,5,33000,'Great place for special occasions. Service was impeccable.','2025-11-29 00:15:10','2025-08-20 05:00:00'),(103,3,65,6,4,5,36000,'Food was delicious and portions were generous.','2025-11-29 00:15:10','2025-08-19 06:00:00'),(104,4,72,3,2,4,39000,'Good value for money. Recommended for casual dining.','2025-11-29 00:15:10','2025-08-18 07:00:00'),(105,5,79,10,5,4,42000,'Perfect spot for a date. Romantic ambiance and cozy interior.','2025-11-29 00:15:10','2025-08-17 08:00:00'),(106,6,86,7,3,4,45000,'Family-friendly restaurant with a wide variety of dishes.','2025-11-29 00:15:10','2025-08-16 09:00:00'),(107,7,93,4,1,3,27000,'Quick service and tasty food. Ideal for lunch breaks.','2025-11-29 00:15:10','2025-08-15 10:00:00'),(108,8,100,1,4,3,29000,'Authentic flavors with traditional cooking style.','2025-11-29 00:15:10','2025-08-14 11:00:00'),(109,9,107,8,2,2,7000,'Modern twist on classic dishes. Very creative menu.','2025-11-29 00:15:10','2025-08-13 12:00:00'),(110,10,114,5,5,1,9000,'Cozy atmosphere, great for catching up with friends.','2025-11-29 00:15:10','2025-08-12 13:00:00'),(111,11,121,2,3,5,11000,'High quality ingredients. Worth the premium price.','2025-11-29 00:15:10','2025-08-11 14:00:00'),(112,12,128,9,1,5,13000,'Decent food but nothing extraordinary. Could be better.','2025-11-29 00:15:10','2025-08-10 15:00:00'),(113,13,5,6,4,5,130000,'Great for business meetings. Calm and professional setting.','2025-11-29 00:15:10','2025-08-09 16:00:00'),(114,14,12,3,2,5,140000,'Solo dining friendly. Comfortable seating and service.','2025-11-29 00:15:10','2025-08-08 17:00:00'),(115,15,19,10,5,4,90000,'Enjoyable experience overall. Would visit again.','2025-11-29 00:15:10','2025-08-07 18:00:00'),(116,16,26,7,3,4,100000,'Amazing desserts and coffee. Perfect afternoon spot.','2025-11-29 00:15:10','2025-08-06 19:00:00'),(117,17,33,4,1,4,80000,'Staff were very kind and attentive throughout the meal.','2025-11-29 00:15:10','2025-08-05 20:00:00'),(118,18,40,1,4,3,85000,'Lively atmosphere, good for group gatherings and parties.','2025-11-29 00:15:10','2025-08-04 21:00:00'),(119,19,47,8,2,3,90000,'Portions were slightly small for the price, but tasty.','2025-11-29 00:15:10','2025-08-03 22:00:00'),(120,20,54,5,5,2,57000,'Reservation is recommended. The place gets crowded quickly.','2025-11-29 00:15:10','2025-08-02 23:00:00'),(121,21,61,2,3,1,30000,'Excellent food and atmosphere! Will definitely come back.','2025-11-29 00:15:10','2025-08-01 00:00:00'),(122,22,68,9,1,5,33000,'Great place for special occasions. Service was impeccable.','2025-11-29 00:15:10','2025-07-31 01:00:00'),(123,23,75,6,4,5,36000,'Food was delicious and portions were generous.','2025-11-29 00:15:10','2025-07-30 02:00:00'),(124,24,82,3,2,5,39000,'Good value for money. Recommended for casual dining.','2025-11-29 00:15:10','2025-07-29 03:00:00'),(125,25,89,10,5,5,42000,'Perfect spot for a date. Romantic ambiance and cozy interior.','2025-11-29 00:15:10','2025-07-28 04:00:00'),(126,26,96,7,3,4,17000,'Family-friendly restaurant with a wide variety of dishes.','2025-11-29 00:15:10','2025-07-27 05:00:00'),(127,27,103,4,1,4,19000,'Quick service and tasty food. Ideal for lunch breaks.','2025-11-29 00:15:10','2025-07-26 06:00:00'),(128,28,110,1,4,4,21000,'Authentic flavors with traditional cooking style.','2025-11-29 00:15:10','2025-07-25 07:00:00'),(129,29,117,8,2,3,23000,'Modern twist on classic dishes. Very creative menu.','2025-11-29 00:15:10','2025-07-24 08:00:00'),(130,30,124,5,5,3,25000,'Cozy atmosphere, great for catching up with friends.','2025-11-29 00:15:10','2025-07-23 09:00:00'),(131,31,1,2,3,2,130000,'High quality ingredients. Worth the premium price.','2025-11-29 00:15:10','2025-07-22 10:00:00'),(132,32,8,9,1,1,140000,'Decent food but nothing extraordinary. Could be better.','2025-11-29 00:15:10','2025-07-21 11:00:00'),(133,33,15,6,4,5,90000,'Great for business meetings. Calm and professional setting.','2025-11-29 00:15:10','2025-07-20 12:00:00'),(134,34,22,3,2,5,100000,'Solo dining friendly. Comfortable seating and service.','2025-11-29 00:15:10','2025-07-19 13:00:00'),(135,35,29,10,5,5,90000,'Enjoyable experience overall. Would visit again.','2025-11-29 00:15:10','2025-07-18 14:00:00'),(136,36,36,7,3,5,95000,'Amazing desserts and coffee. Perfect afternoon spot.','2025-11-29 00:15:10','2025-07-17 15:00:00'),(137,37,43,4,1,4,60000,'Staff were very kind and attentive throughout the meal.','2025-11-29 00:15:10','2025-07-16 16:00:00'),(138,38,50,1,4,4,65000,'Lively atmosphere, good for group gatherings and parties.','2025-11-29 00:15:10','2025-07-15 17:00:00'),(139,39,57,8,2,4,54000,'Portions were slightly small for the price, but tasty.','2025-11-29 00:15:10','2025-07-14 18:00:00'),(140,40,64,5,5,3,57000,'Reservation is recommended. The place gets crowded quickly.','2025-11-29 00:15:10','2025-07-13 19:00:00'),(141,41,71,2,3,3,30000,'Excellent food and atmosphere! Will definitely come back.','2025-11-29 00:15:10','2025-07-12 20:00:00'),(142,42,78,9,1,2,33000,'Great place for special occasions. Service was impeccable.','2025-11-29 00:15:10','2025-07-11 21:00:00'),(143,43,85,6,4,1,36000,'Food was delicious and portions were generous.','2025-11-29 00:15:10','2025-07-10 22:00:00'),(144,44,92,3,2,5,29000,'Good value for money. Recommended for casual dining.','2025-11-29 00:15:10','2025-07-09 23:00:00'),(145,45,99,10,5,5,7000,'Perfect spot for a date. Romantic ambiance and cozy interior.','2025-11-29 00:15:10','2025-07-08 00:00:00'),(146,46,106,7,3,5,9000,'Family-friendly restaurant with a wide variety of dishes.','2025-11-29 00:15:10','2025-07-07 01:00:00'),(147,47,113,4,1,5,11000,'Quick service and tasty food. Ideal for lunch breaks.','2025-11-29 00:15:10','2025-07-06 02:00:00'),(148,48,120,1,4,4,13000,'Authentic flavors with traditional cooking style.','2025-11-29 00:15:10','2025-07-05 03:00:00'),(149,49,127,8,2,4,15000,'Modern twist on classic dishes. Very creative menu.','2025-11-29 00:15:10','2025-07-04 04:00:00'),(150,50,4,5,5,4,140000,'Cozy atmosphere, great for catching up with friends.','2025-11-29 00:15:10','2025-07-03 05:00:00'),(151,51,11,2,3,3,90000,'High quality ingredients. Worth the premium price.','2025-11-29 00:15:10','2025-07-02 06:00:00'),(152,52,18,9,1,3,100000,'Decent food but nothing extraordinary. Could be better.','2025-11-29 00:15:10','2025-07-01 07:00:00'),(153,53,25,6,4,2,110000,'Great for business meetings. Calm and professional setting.','2025-11-29 00:15:10','2025-06-30 08:00:00'),(154,54,32,3,2,1,65000,'Solo dining friendly. Comfortable seating and service.','2025-11-29 00:15:10','2025-06-29 09:00:00'),(155,55,39,10,5,5,70000,'Enjoyable experience overall. Would visit again.','2025-11-29 00:15:10','2025-06-28 10:00:00'),(156,56,46,7,3,5,75000,'Amazing desserts and coffee. Perfect afternoon spot.','2025-11-29 00:15:10','2025-06-27 11:00:00'),(157,57,53,4,1,5,48000,'Staff were very kind and attentive throughout the meal.','2025-11-29 00:15:10','2025-06-26 12:00:00'),(158,58,60,1,4,5,51000,'Lively atmosphere, good for group gatherings and parties.','2025-11-29 00:15:10','2025-06-25 13:00:00'),(159,59,67,8,2,4,54000,'Portions were slightly small for the price, but tasty.','2025-11-29 00:15:10','2025-06-24 14:00:00'),(160,60,74,5,5,4,57000,'Reservation is recommended. The place gets crowded quickly.','2025-11-29 00:15:10','2025-06-23 15:00:00'),(161,61,81,2,3,4,30000,'Excellent food and atmosphere! Will definitely come back.','2025-11-29 00:15:10','2025-06-22 16:00:00'),(162,62,88,9,1,3,33000,'Great place for special occasions. Service was impeccable.','2025-11-29 00:15:10','2025-06-21 17:00:00'),(163,63,95,6,4,3,19000,'Food was delicious and portions were generous.','2025-11-29 00:15:10','2025-06-20 18:00:00'),(164,64,102,3,2,2,21000,'Good value for money. Recommended for casual dining.','2025-11-29 00:15:10','2025-06-19 19:00:00'),(165,65,109,10,5,1,23000,'Perfect spot for a date. Romantic ambiance and cozy interior.','2025-11-29 00:15:10','2025-06-18 20:00:00'),(166,66,116,7,3,5,25000,'Family-friendly restaurant with a wide variety of dishes.','2025-11-29 00:15:10','2025-06-17 21:00:00'),(167,67,123,4,1,5,27000,'Quick service and tasty food. Ideal for lunch breaks.','2025-11-29 00:15:10','2025-06-16 22:00:00'),(168,68,130,1,4,5,29000,'Authentic flavors with traditional cooking style.','2025-11-29 00:15:10','2025-06-15 23:00:00'),(169,69,7,8,2,5,90000,'Modern twist on classic dishes. Very creative menu.','2025-11-29 00:15:10','2025-06-14 00:00:00'),(170,70,14,5,5,4,100000,'Cozy atmosphere, great for catching up with friends.','2025-11-29 00:15:10','2025-06-13 01:00:00'),(171,71,21,2,3,4,110000,'High quality ingredients. Worth the premium price.','2025-11-29 00:15:10','2025-06-12 02:00:00'),(172,72,28,9,1,4,75000,'Decent food but nothing extraordinary. Could be better.','2025-11-29 00:15:10','2025-06-11 03:00:00'),(173,73,35,6,4,3,80000,'Great for business meetings. Calm and professional setting.','2025-11-29 00:15:10','2025-06-10 04:00:00'),(174,74,42,3,2,3,85000,'Solo dining friendly. Comfortable seating and service.','2025-11-29 00:15:10','2025-06-09 05:00:00'),(175,75,49,10,5,2,90000,'Enjoyable experience overall. Would visit again.','2025-11-29 00:15:10','2025-06-08 06:00:00'),(176,76,56,7,3,1,45000,'Amazing desserts and coffee. Perfect afternoon spot.','2025-11-29 00:15:10','2025-06-07 07:00:00'),(177,77,63,4,1,5,48000,'Staff were very kind and attentive throughout the meal.','2025-11-29 00:15:10','2025-06-06 08:00:00'),(178,78,70,1,4,5,51000,'Lively atmosphere, good for group gatherings and parties.','2025-11-29 00:15:10','2025-06-05 09:00:00'),(179,79,77,8,2,5,54000,'Portions were slightly small for the price, but tasty.','2025-11-29 00:15:10','2025-06-04 10:00:00'),(180,80,84,5,5,5,57000,'Reservation is recommended. The place gets crowded quickly.','2025-11-29 00:15:10','2025-06-03 11:00:00'),(181,81,91,2,3,4,30000,'Excellent food and atmosphere! Will definitely come back.','2025-11-29 00:15:10','2025-06-02 12:00:00'),(182,82,98,9,1,4,9000,'Great place for special occasions. Service was impeccable.','2025-11-29 00:15:10','2025-06-01 13:00:00'),(183,83,105,6,4,4,11000,'Food was delicious and portions were generous.','2025-11-29 00:15:10','2025-05-31 14:00:00'),(184,84,112,3,2,3,13000,'Good value for money. Recommended for casual dining.','2025-11-29 00:15:10','2025-05-30 15:00:00'),(185,85,119,10,5,3,15000,'Perfect spot for a date. Romantic ambiance and cozy interior.','2025-11-29 00:15:10','2025-05-29 16:00:00'),(186,86,126,7,3,2,17000,'Family-friendly restaurant with a wide variety of dishes.','2025-11-29 00:15:10','2025-05-28 17:00:00'),(187,87,3,4,1,1,90000,'Quick service and tasty food. Ideal for lunch breaks.','2025-11-29 00:15:10','2025-05-27 18:00:00'),(188,88,10,1,4,5,100000,'Authentic flavors with traditional cooking style.','2025-11-29 00:15:10','2025-05-26 19:00:00'),(189,89,17,8,2,5,110000,'Modern twist on classic dishes. Very creative menu.','2025-11-29 00:15:10','2025-05-25 20:00:00'),(190,90,24,5,5,5,120000,'Cozy atmosphere, great for catching up with friends.','2025-11-29 00:15:10','2025-05-24 21:00:00'),(191,91,31,2,3,5,90000,'High quality ingredients. Worth the premium price.','2025-11-29 00:15:10','2025-05-23 22:00:00'),(192,92,38,9,1,4,95000,'Decent food but nothing extraordinary. Could be better.','2025-11-29 00:15:10','2025-05-22 23:00:00'),(193,93,45,6,4,4,60000,'Great for business meetings. Calm and professional setting.','2025-11-29 00:15:10','2025-05-21 00:00:00'),(194,94,52,3,2,4,65000,'Solo dining friendly. Comfortable seating and service.','2025-11-29 00:15:10','2025-05-20 01:00:00'),(195,95,59,10,5,3,42000,'Enjoyable experience overall. Would visit again.','2025-11-29 00:15:10','2025-05-19 02:00:00'),(196,96,66,7,3,3,45000,'Amazing desserts and coffee. Perfect afternoon spot.','2025-11-29 00:15:10','2025-05-18 03:00:00'),(197,97,73,4,1,2,48000,'Staff were very kind and attentive throughout the meal.','2025-11-29 00:15:10','2025-05-17 04:00:00'),(198,98,80,1,4,1,51000,'Lively atmosphere, good for group gatherings and parties.','2025-11-29 00:15:10','2025-05-16 05:00:00'),(199,99,87,8,2,5,54000,'Portions were slightly small for the price, but tasty.','2025-11-29 00:15:10','2025-05-15 06:00:00'),(200,100,94,5,5,5,21000,'Reservation is recommended. The place gets crowded quickly.','2025-11-29 00:15:10','2025-05-14 07:00:00'),(201,1,101,2,3,5,23000,'Excellent food and atmosphere! Will definitely come back.','2025-11-29 00:15:10','2025-05-13 08:00:00'),(202,2,108,9,1,5,25000,'Great place for special occasions. Service was impeccable.','2025-11-29 00:15:10','2025-05-12 09:00:00'),(203,3,115,6,4,4,27000,'Food was delicious and portions were generous.','2025-11-29 00:15:10','2025-05-11 10:00:00'),(204,4,122,3,2,4,29000,'Good value for money. Recommended for casual dining.','2025-11-29 00:15:10','2025-05-10 11:00:00'),(205,5,129,10,5,4,7000,'Perfect spot for a date. Romantic ambiance and cozy interior.','2025-11-29 00:15:10','2025-05-09 12:00:00'),(206,6,6,7,3,3,100000,'Family-friendly restaurant with a wide variety of dishes.','2025-11-29 00:15:10','2025-05-08 13:00:00'),(207,7,13,4,1,3,110000,'Quick service and tasty food. Ideal for lunch breaks.','2025-11-29 00:15:10','2025-05-07 14:00:00'),(208,8,20,1,4,2,120000,'Authentic flavors with traditional cooking style.','2025-11-29 00:15:10','2025-05-06 15:00:00'),(209,9,27,8,2,1,60000,'Modern twist on classic dishes. Very creative menu.','2025-11-29 00:15:10','2025-05-05 16:00:00'),(210,10,34,5,5,5,65000,'Cozy atmosphere, great for catching up with friends.','2025-11-29 00:15:10','2025-05-04 17:00:00'),(211,11,41,2,3,5,70000,'High quality ingredients. Worth the premium price.','2025-11-29 00:15:10','2025-05-03 18:00:00'),(212,12,48,9,1,5,75000,'Decent food but nothing extraordinary. Could be better.','2025-11-29 00:15:10','2025-05-02 19:00:00'),(213,13,55,6,4,5,36000,'Great for business meetings. Calm and professional setting.','2025-11-29 00:15:10','2025-05-01 20:00:00'),(214,14,62,3,2,4,39000,'Solo dining friendly. Comfortable seating and service.','2025-11-29 00:15:10','2025-04-30 21:00:00'),(215,15,69,10,5,4,42000,'Enjoyable experience overall. Would visit again.','2025-11-29 00:15:10','2025-04-29 22:00:00'),(216,16,76,7,3,4,45000,'Amazing desserts and coffee. Perfect afternoon spot.','2025-11-29 00:15:10','2025-04-28 23:00:00'),(217,17,83,4,1,3,48000,'Staff were very kind and attentive throughout the meal.','2025-11-29 00:15:10','2025-04-27 00:00:00'),(218,18,90,1,4,3,51000,'Lively atmosphere, good for group gatherings and parties.','2025-11-29 00:15:10','2025-04-26 01:00:00'),(219,19,97,8,2,2,11000,'Portions were slightly small for the price, but tasty.','2025-11-29 00:15:10','2025-04-25 02:00:00'),(220,20,104,5,5,1,13000,'Reservation is recommended. The place gets crowded quickly.','2025-11-29 00:15:10','2025-04-24 03:00:00'),(221,21,111,2,3,5,15000,'Excellent food and atmosphere! Will definitely come back.','2025-11-29 00:15:10','2025-04-23 04:00:00'),(222,22,118,9,1,5,17000,'Great place for special occasions. Service was impeccable.','2025-11-29 00:15:10','2025-04-22 05:00:00'),(223,23,125,6,4,5,19000,'Food was delicious and portions were generous.','2025-11-29 00:15:10','2025-04-21 06:00:00'),(224,24,2,3,2,5,100000,'Good value for money. Recommended for casual dining.','2025-11-29 00:15:10','2025-04-20 07:00:00'),(225,25,9,10,5,4,110000,'Perfect spot for a date. Romantic ambiance and cozy interior.','2025-11-29 00:15:10','2025-04-19 08:00:00'),(226,26,16,7,3,4,120000,'Family-friendly restaurant with a wide variety of dishes.','2025-11-29 00:15:10','2025-04-18 09:00:00'),(227,27,23,4,1,4,130000,'Quick service and tasty food. Ideal for lunch breaks.','2025-11-29 00:15:10','2025-04-17 10:00:00'),(228,28,30,1,4,3,75000,'Authentic flavors with traditional cooking style.','2025-11-29 00:15:10','2025-04-16 11:00:00'),(229,29,37,8,2,3,80000,'Modern twist on classic dishes. Very creative menu.','2025-11-29 00:15:10','2025-04-15 12:00:00'),(230,30,44,5,5,2,85000,'Cozy atmosphere, great for catching up with friends.','2025-11-29 00:15:10','2025-04-14 13:00:00'),(231,31,51,2,3,1,90000,'High quality ingredients. Worth the premium price.','2025-11-29 00:15:10','2025-04-13 14:00:00'),(232,32,58,9,1,5,33000,'Decent food but nothing extraordinary. Could be better.','2025-11-29 00:15:10','2025-04-12 15:00:00'),(233,33,65,6,4,5,36000,'Great for business meetings. Calm and professional setting.','2025-11-29 00:15:10','2025-04-11 16:00:00'),(234,34,72,3,2,5,39000,'Solo dining friendly. Comfortable seating and service.','2025-11-29 00:15:10','2025-04-10 17:00:00'),(235,35,79,10,5,5,42000,'Enjoyable experience overall. Would visit again.','2025-11-29 00:15:10','2025-04-09 18:00:00'),(236,36,86,7,3,4,45000,'Amazing desserts and coffee. Perfect afternoon spot.','2025-11-29 00:15:10','2025-04-08 19:00:00'),(237,37,93,4,1,4,23000,'Staff were very kind and attentive throughout the meal.','2025-11-29 00:15:10','2025-04-07 20:00:00'),(238,38,100,1,4,4,25000,'Lively atmosphere, good for group gatherings and parties.','2025-11-29 00:15:10','2025-04-06 21:00:00'),(239,39,107,8,2,3,27000,'Portions were slightly small for the price, but tasty.','2025-11-29 00:15:10','2025-04-05 22:00:00'),(240,40,114,5,5,3,29000,'Reservation is recommended. The place gets crowded quickly.','2025-11-29 00:15:10','2025-04-04 23:00:00'),(241,41,121,2,3,2,7000,'Excellent food and atmosphere! Will definitely come back.','2025-11-29 00:15:10','2025-04-03 00:00:00'),(242,42,128,9,1,1,9000,'Great place for special occasions. Service was impeccable.','2025-11-29 00:15:10','2025-04-02 01:00:00'),(243,43,5,6,4,5,110000,'Food was delicious and portions were generous.','2025-11-29 00:15:10','2025-04-01 02:00:00'),(244,44,12,3,2,5,120000,'Good value for money. Recommended for casual dining.','2025-11-29 00:15:10','2025-03-31 03:00:00'),(245,45,19,10,5,5,130000,'Perfect spot for a date. Romantic ambiance and cozy interior.','2025-11-29 00:15:10','2025-03-30 04:00:00'),(246,46,26,7,3,5,140000,'Family-friendly restaurant with a wide variety of dishes.','2025-11-29 00:15:10','2025-03-29 05:00:00'),(247,47,33,4,1,4,90000,'Quick service and tasty food. Ideal for lunch breaks.','2025-11-29 00:15:10','2025-03-28 06:00:00'),(248,48,40,1,4,4,95000,'Authentic flavors with traditional cooking style.','2025-11-29 00:15:10','2025-03-27 07:00:00'),(249,49,47,8,2,4,60000,'Modern twist on classic dishes. Very creative menu.','2025-11-29 00:15:10','2025-03-26 08:00:00'),(250,50,54,5,5,3,57000,'Cozy atmosphere, great for catching up with friends.','2025-11-29 00:15:10','2025-03-25 09:00:00'),(251,51,61,2,3,3,30000,'High quality ingredients. Worth the premium price.','2025-11-29 00:15:10','2025-03-24 10:00:00'),(252,52,68,9,1,2,33000,'Decent food but nothing extraordinary. Could be better.','2025-11-29 00:15:10','2025-03-23 11:00:00'),(253,53,75,6,4,1,36000,'Great for business meetings. Calm and professional setting.','2025-11-29 00:15:10','2025-03-22 12:00:00'),(254,54,82,3,2,5,39000,'Solo dining friendly. Comfortable seating and service.','2025-11-29 00:15:10','2025-03-21 13:00:00'),(255,55,89,10,5,5,42000,'Enjoyable experience overall. Would visit again.','2025-11-29 00:15:10','2025-03-20 14:00:00'),(256,56,96,7,3,5,13000,'Amazing desserts and coffee. Perfect afternoon spot.','2025-11-29 00:15:10','2025-03-19 15:00:00'),(257,57,103,4,1,5,15000,'Staff were very kind and attentive throughout the meal.','2025-11-29 00:15:10','2025-03-18 16:00:00'),(258,58,110,1,4,4,17000,'Lively atmosphere, good for group gatherings and parties.','2025-11-29 00:15:10','2025-03-17 17:00:00'),(259,59,117,8,2,4,19000,'Portions were slightly small for the price, but tasty.','2025-11-29 00:15:10','2025-03-16 18:00:00'),(260,60,124,5,5,4,21000,'Reservation is recommended. The place gets crowded quickly.','2025-11-29 00:15:10','2025-03-15 19:00:00'),(261,61,1,2,3,3,110000,'Excellent food and atmosphere! Will definitely come back.','2025-11-29 00:15:10','2025-03-14 20:00:00'),(262,62,8,9,1,3,120000,'Great place for special occasions. Service was impeccable.','2025-11-29 00:15:10','2025-03-13 21:00:00'),(263,63,15,6,4,2,130000,'Food was delicious and portions were generous.','2025-11-29 00:15:10','2025-03-12 22:00:00'),(264,64,22,3,2,1,140000,'Good value for money. Recommended for casual dining.','2025-11-29 00:15:10','2025-03-11 23:00:00'),(265,65,29,10,5,5,60000,'Perfect spot for a date. Romantic ambiance and cozy interior.','2025-11-29 00:15:10','2025-03-10 00:00:00'),(266,66,36,7,3,5,65000,'Family-friendly restaurant with a wide variety of dishes.','2025-11-29 00:15:10','2025-03-09 01:00:00'),(267,67,43,4,1,5,70000,'Quick service and tasty food. Ideal for lunch breaks.','2025-11-29 00:15:10','2025-03-08 02:00:00'),(268,68,50,1,4,5,75000,'Authentic flavors with traditional cooking style.','2025-11-29 00:15:10','2025-03-07 03:00:00'),(269,69,57,8,2,4,54000,'Modern twist on classic dishes. Very creative menu.','2025-11-29 00:15:10','2025-03-06 04:00:00'),(270,70,64,5,5,4,57000,'Cozy atmosphere, great for catching up with friends.','2025-11-29 00:15:10','2025-03-05 05:00:00'),(271,71,71,2,3,4,30000,'High quality ingredients. Worth the premium price.','2025-11-29 00:15:10','2025-03-04 06:00:00'),(272,72,78,9,1,3,33000,'Decent food but nothing extraordinary. Could be better.','2025-11-29 00:15:10','2025-03-03 07:00:00'),(273,73,85,6,4,3,36000,'Great for business meetings. Calm and professional setting.','2025-11-29 00:15:10','2025-03-02 08:00:00'),(274,74,92,3,2,2,25000,'Solo dining friendly. Comfortable seating and service.','2025-11-29 00:15:10','2025-03-01 09:00:00'),(275,75,99,10,5,1,27000,'Enjoyable experience overall. Would visit again.','2025-11-29 00:15:10','2025-02-28 10:00:00'),(276,76,106,7,3,5,29000,'Amazing desserts and coffee. Perfect afternoon spot.','2025-11-29 00:15:10','2025-02-27 11:00:00'),(277,77,113,4,1,5,7000,'Staff were very kind and attentive throughout the meal.','2025-11-29 00:15:10','2025-02-26 12:00:00'),(278,78,120,1,4,5,9000,'Lively atmosphere, good for group gatherings and parties.','2025-11-29 00:15:10','2025-02-25 13:00:00'),(279,79,127,8,2,5,11000,'Portions were slightly small for the price, but tasty.','2025-11-29 00:15:10','2025-02-24 14:00:00'),(280,80,4,5,5,4,120000,'Reservation is recommended. The place gets crowded quickly.','2025-11-29 00:15:10','2025-02-23 15:00:00'),(281,81,11,2,3,4,130000,'Excellent food and atmosphere! Will definitely come back.','2025-11-29 00:15:10','2025-02-22 16:00:00'),(282,82,18,9,1,4,140000,'Great place for special occasions. Service was impeccable.','2025-11-29 00:15:10','2025-02-21 17:00:00'),(283,83,25,6,4,3,90000,'Food was delicious and portions were generous.','2025-11-29 00:15:10','2025-02-20 18:00:00'),(284,84,32,3,2,3,75000,'Good value for money. Recommended for casual dining.','2025-11-29 00:15:10','2025-02-19 19:00:00'),(285,85,39,10,5,2,80000,'Perfect spot for a date. Romantic ambiance and cozy interior.','2025-11-29 00:15:10','2025-02-18 20:00:00'),(286,86,46,7,3,1,85000,'Family-friendly restaurant with a wide variety of dishes.','2025-11-29 00:15:10','2025-02-17 21:00:00'),(287,87,53,4,1,5,48000,'Quick service and tasty food. Ideal for lunch breaks.','2025-11-29 00:15:10','2025-02-16 22:00:00'),(288,88,60,1,4,5,51000,'Authentic flavors with traditional cooking style.','2025-11-29 00:15:10','2025-02-15 23:00:00'),(289,89,67,8,2,5,54000,'Modern twist on classic dishes. Very creative menu.','2025-11-29 00:15:10','2025-02-14 00:00:00'),(290,90,74,5,5,5,57000,'Cozy atmosphere, great for catching up with friends.','2025-11-29 00:15:10','2025-02-13 01:00:00'),(291,91,81,2,3,4,30000,'High quality ingredients. Worth the premium price.','2025-11-29 00:15:10','2025-02-12 02:00:00'),(292,92,88,9,1,4,33000,'Decent food but nothing extraordinary. Could be better.','2025-11-29 00:15:10','2025-02-11 03:00:00'),(293,93,95,6,4,4,15000,'Great for business meetings. Calm and professional setting.','2025-11-29 00:15:10','2025-02-10 04:00:00'),(294,94,102,3,2,3,17000,'Solo dining friendly. Comfortable seating and service.','2025-11-29 00:15:10','2025-02-09 05:00:00'),(295,95,109,10,5,3,19000,'Enjoyable experience overall. Would visit again.','2025-11-29 00:15:10','2025-02-08 06:00:00'),(296,96,116,7,3,2,21000,'Amazing desserts and coffee. Perfect afternoon spot.','2025-11-29 00:15:10','2025-02-07 07:00:00'),(297,97,123,4,1,1,23000,'Staff were very kind and attentive throughout the meal.','2025-11-29 00:15:10','2025-02-06 08:00:00'),(298,98,130,1,4,5,25000,'Lively atmosphere, good for group gatherings and parties.','2025-11-29 00:15:10','2025-02-05 09:00:00'),(299,99,7,8,2,5,130000,'Portions were slightly small for the price, but tasty.','2025-11-29 00:15:10','2025-02-04 10:00:00'),(300,100,14,5,5,5,140000,'Reservation is recommended. The place gets crowded quickly.','2025-11-29 00:15:10','2025-02-03 11:00:00'),(301,1,21,2,3,5,90000,'Excellent food and atmosphere! Will definitely come back.','2025-11-29 00:15:10','2025-02-02 12:00:00'),(302,2,28,9,1,4,85000,'Great place for special occasions. Service was impeccable.','2025-11-29 00:15:10','2025-02-01 13:00:00'),(303,3,35,6,4,4,90000,'Food was delicious and portions were generous.','2025-11-29 00:15:10','2025-01-31 14:00:00'),(304,4,42,3,2,4,95000,'Good value for money. Recommended for casual dining.','2025-11-29 00:15:10','2025-01-30 15:00:00'),(305,5,49,10,5,3,60000,'Perfect spot for a date. Romantic ambiance and cozy interior.','2025-11-29 00:15:10','2025-01-29 16:00:00'),(306,6,56,7,3,3,45000,'Family-friendly restaurant with a wide variety of dishes.','2025-11-29 00:15:10','2025-01-28 17:00:00'),(307,7,63,4,1,2,48000,'Quick service and tasty food. Ideal for lunch breaks.','2025-11-29 00:15:10','2025-01-27 18:00:00'),(308,8,70,1,4,1,51000,'Authentic flavors with traditional cooking style.','2025-11-29 00:15:10','2025-01-26 19:00:00'),(309,9,77,8,2,5,54000,'Modern twist on classic dishes. Very creative menu.','2025-11-29 00:15:10','2025-01-25 20:00:00'),(310,10,84,5,5,5,57000,'Cozy atmosphere, great for catching up with friends.','2025-11-29 00:15:10','2025-01-24 21:00:00'),(311,11,91,2,3,5,30000,'High quality ingredients. Worth the premium price.','2025-11-29 00:15:10','2025-01-23 22:00:00'),(312,12,98,9,1,5,29000,'Decent food but nothing extraordinary. Could be better.','2025-11-29 00:15:10','2025-01-22 23:00:00'),(313,13,105,6,4,4,7000,'Great for business meetings. Calm and professional setting.','2025-11-29 00:15:10','2025-01-21 00:00:00'),(314,14,112,3,2,4,9000,'Solo dining friendly. Comfortable seating and service.','2025-11-29 00:15:10','2025-01-20 01:00:00'),(315,15,119,10,5,4,11000,'Enjoyable experience overall. Would visit again.','2025-11-29 00:15:10','2025-01-19 02:00:00'),(316,16,126,7,3,3,13000,'Amazing desserts and coffee. Perfect afternoon spot.','2025-11-29 00:15:10','2025-01-18 03:00:00'),(317,17,3,4,1,3,130000,'Staff were very kind and attentive throughout the meal.','2025-11-29 00:15:10','2025-01-17 04:00:00'),(318,18,10,1,4,2,140000,'Lively atmosphere, good for group gatherings and parties.','2025-11-29 00:15:10','2025-01-16 05:00:00'),(319,19,17,8,2,1,90000,'Portions were slightly small for the price, but tasty.','2025-11-29 00:15:10','2025-01-15 06:00:00'),(320,20,24,5,5,5,100000,'Reservation is recommended. The place gets crowded quickly.','2025-11-29 00:15:10','2025-01-14 07:00:00'),(321,21,31,2,3,5,60000,'Excellent food and atmosphere! Will definitely come back.','2025-11-29 00:15:10','2025-01-13 08:00:00'),(322,22,38,9,1,5,65000,'Great place for special occasions. Service was impeccable.','2025-11-29 00:15:10','2025-01-12 09:00:00'),(323,23,45,6,4,5,70000,'Food was delicious and portions were generous.','2025-11-29 00:15:10','2025-01-11 10:00:00'),(324,24,52,3,2,4,75000,'Good value for money. Recommended for casual dining.','2025-11-29 00:15:10','2025-01-10 11:00:00'),(325,25,59,10,5,4,42000,'Perfect spot for a date. Romantic ambiance and cozy interior.','2025-11-29 00:15:10','2025-01-09 12:00:00'),(326,26,66,7,3,4,45000,'Family-friendly restaurant with a wide variety of dishes.','2025-11-29 00:15:10','2025-01-08 13:00:00'),(327,27,73,4,1,3,48000,'Quick service and tasty food. Ideal for lunch breaks.','2025-11-29 00:15:10','2025-01-07 14:00:00'),(328,28,80,1,4,3,51000,'Authentic flavors with traditional cooking style.','2025-11-29 00:15:10','2025-01-06 15:00:00'),(329,29,87,8,2,2,54000,'Modern twist on classic dishes. Very creative menu.','2025-11-29 00:15:10','2025-01-05 16:00:00'),(330,30,94,5,5,1,17000,'Cozy atmosphere, great for catching up with friends.','2025-11-29 00:15:10','2025-01-04 17:00:00'),(331,31,101,2,3,5,19000,'High quality ingredients. Worth the premium price.','2025-11-29 00:15:10','2025-01-03 18:00:00'),(332,32,108,9,1,5,21000,'Decent food but nothing extraordinary. Could be better.','2025-11-29 00:15:10','2025-01-02 19:00:00'),(333,33,115,6,4,5,23000,'Great for business meetings. Calm and professional setting.','2025-11-29 00:15:10','2025-01-01 20:00:00'),(334,34,122,3,2,5,25000,'Solo dining friendly. Comfortable seating and service.','2025-11-29 00:15:10','2024-12-31 21:00:00'),(335,35,129,10,5,4,27000,'Enjoyable experience overall. Would visit again.','2025-11-29 00:15:10','2024-12-30 22:00:00'),(336,36,6,7,3,4,140000,'Amazing desserts and coffee. Perfect afternoon spot.','2025-11-29 00:15:10','2024-12-29 23:00:00'),(337,37,13,4,1,4,90000,'Staff were very kind and attentive throughout the meal.','2025-11-29 00:15:10','2024-12-28 00:00:00'),(338,38,20,1,4,3,100000,'Lively atmosphere, good for group gatherings and parties.','2025-11-29 00:15:10','2024-12-27 01:00:00'),(339,39,27,8,2,3,70000,'Portions were slightly small for the price, but tasty.','2025-11-29 00:15:10','2024-12-26 02:00:00'),(340,40,34,5,5,2,75000,'Reservation is recommended. The place gets crowded quickly.','2025-11-29 00:15:10','2024-12-25 03:00:00'),(341,41,41,2,3,1,80000,'Excellent food and atmosphere! Will definitely come back.','2025-11-29 00:15:10','2024-12-24 04:00:00'),(342,42,48,9,1,5,85000,'Great place for special occasions. Service was impeccable.','2025-11-29 00:15:10','2024-12-23 05:00:00'),(343,43,55,6,4,5,36000,'Food was delicious and portions were generous.','2025-11-29 00:15:10','2024-12-22 06:00:00'),(344,44,62,3,2,5,39000,'Good value for money. Recommended for casual dining.','2025-11-29 00:15:10','2024-12-21 07:00:00'),(345,45,69,10,5,5,42000,'Perfect spot for a date. Romantic ambiance and cozy interior.','2025-11-29 00:15:10','2024-12-20 08:00:00'),(346,46,76,7,3,4,45000,'Family-friendly restaurant with a wide variety of dishes.','2025-11-29 00:15:10','2024-12-19 09:00:00'),(347,47,83,4,1,4,48000,'Quick service and tasty food. Ideal for lunch breaks.','2025-11-29 00:15:10','2024-12-18 10:00:00'),(348,48,90,1,4,4,51000,'Authentic flavors with traditional cooking style.','2025-11-29 00:15:10','2024-12-17 11:00:00'),(349,49,97,8,2,3,7000,'Modern twist on classic dishes. Very creative menu.','2025-11-29 00:15:10','2024-12-16 12:00:00'),(350,50,104,5,5,3,9000,'Cozy atmosphere, great for catching up with friends.','2025-11-29 00:15:10','2024-12-15 13:00:00'),(351,51,111,2,3,2,11000,'High quality ingredients. Worth the premium price.','2025-11-29 00:15:10','2024-12-14 14:00:00'),(352,52,118,9,1,1,13000,'Decent food but nothing extraordinary. Could be better.','2025-11-29 00:15:10','2024-12-13 15:00:00'),(353,53,125,6,4,5,15000,'Great for business meetings. Calm and professional setting.','2025-11-29 00:15:10','2024-12-12 16:00:00'),(354,54,2,3,2,5,140000,'Solo dining friendly. Comfortable seating and service.','2025-11-29 00:15:10','2024-12-11 17:00:00'),(355,55,9,10,5,5,90000,'Enjoyable experience overall. Would visit again.','2025-11-29 00:15:10','2024-12-10 18:00:00'),(356,56,16,7,3,5,100000,'Amazing desserts and coffee. Perfect afternoon spot.','2025-11-29 00:15:10','2024-12-09 19:00:00'),(357,57,23,4,1,4,110000,'Staff were very kind and attentive throughout the meal.','2025-11-29 00:15:10','2024-12-08 20:00:00'),(358,58,30,1,4,4,85000,'Lively atmosphere, good for group gatherings and parties.','2025-11-29 00:15:10','2024-12-07 21:00:00'),(359,59,37,8,2,4,90000,'Portions were slightly small for the price, but tasty.','2025-11-29 00:15:10','2024-12-06 22:00:00'),(360,60,44,5,5,3,95000,'Reservation is recommended. The place gets crowded quickly.','2025-11-29 00:15:10','2024-12-05 23:00:00'),(361,61,51,2,3,3,60000,'Excellent food and atmosphere! Will definitely come back.','2025-11-29 00:15:10','2024-12-04 00:00:00'),(362,62,58,9,1,2,33000,'Great place for special occasions. Service was impeccable.','2025-11-29 00:15:10','2024-12-03 01:00:00'),(363,63,65,6,4,1,36000,'Food was delicious and portions were generous.','2025-11-29 00:15:10','2024-12-02 02:00:00'),(364,64,72,3,2,5,39000,'Good value for money. Recommended for casual dining.','2025-11-29 00:15:10','2024-12-01 03:00:00'),(365,65,79,10,5,5,42000,'Perfect spot for a date. Romantic ambiance and cozy interior.','2025-11-29 00:15:10','2024-11-30 04:00:00'),(366,66,86,7,3,5,45000,'Family-friendly restaurant with a wide variety of dishes.','2025-11-29 00:15:10','2025-11-29 05:00:00'),(367,67,93,4,1,5,19000,'Quick service and tasty food. Ideal for lunch breaks.','2025-11-29 00:15:10','2025-11-28 06:00:00'),(368,68,100,1,4,4,21000,'Authentic flavors with traditional cooking style.','2025-11-29 00:15:10','2025-11-27 07:00:00'),(369,69,107,8,2,4,23000,'Modern twist on classic dishes. Very creative menu.','2025-11-29 00:15:10','2025-11-26 08:00:00'),(370,70,114,5,5,4,25000,'Cozy atmosphere, great for catching up with friends.','2025-11-29 00:15:10','2025-11-25 09:00:00'),(371,71,121,2,3,3,27000,'High quality ingredients. Worth the premium price.','2025-11-29 00:15:10','2025-11-24 10:00:00'),(372,72,128,9,1,3,29000,'Decent food but nothing extraordinary. Could be better.','2025-11-29 00:15:10','2025-11-23 11:00:00'),(373,73,5,6,4,2,90000,'Great for business meetings. Calm and professional setting.','2025-11-29 00:15:10','2025-11-22 12:00:00'),(374,74,12,3,2,1,100000,'Solo dining friendly. Comfortable seating and service.','2025-11-29 00:15:10','2025-11-21 13:00:00'),(375,75,19,10,5,5,110000,'Enjoyable experience overall. Would visit again.','2025-11-29 00:15:10','2025-11-20 14:00:00'),(376,76,26,7,3,5,120000,'Amazing desserts and coffee. Perfect afternoon spot.','2025-11-29 00:15:10','2025-11-19 15:00:00'),(377,77,33,4,1,5,60000,'Staff were very kind and attentive throughout the meal.','2025-11-29 00:15:10','2025-11-18 16:00:00'),(378,78,40,1,4,5,65000,'Lively atmosphere, good for group gatherings and parties.','2025-11-29 00:15:10','2025-11-17 17:00:00'),(379,79,47,8,2,4,70000,'Portions were slightly small for the price, but tasty.','2025-11-29 00:15:10','2025-11-16 18:00:00'),(380,80,54,5,5,4,57000,'Reservation is recommended. The place gets crowded quickly.','2025-11-29 00:15:10','2025-11-15 19:00:00'),(381,81,61,2,3,4,30000,'Excellent food and atmosphere! Will definitely come back.','2025-11-29 00:15:10','2025-11-14 20:00:00'),(382,82,68,9,1,3,33000,'Great place for special occasions. Service was impeccable.','2025-11-29 00:15:10','2025-11-13 21:00:00'),(383,83,75,6,4,3,36000,'Food was delicious and portions were generous.','2025-11-29 00:15:10','2025-11-12 22:00:00'),(384,84,82,3,2,2,39000,'Good value for money. Recommended for casual dining.','2025-11-29 00:15:10','2025-11-11 23:00:00'),(385,85,89,10,5,1,42000,'Perfect spot for a date. Romantic ambiance and cozy interior.','2025-11-29 00:15:10','2025-11-10 00:00:00'),(386,86,96,7,3,5,9000,'Family-friendly restaurant with a wide variety of dishes.','2025-11-29 00:15:10','2025-11-09 01:00:00'),(387,87,103,4,1,5,11000,'Quick service and tasty food. Ideal for lunch breaks.','2025-11-29 00:15:10','2025-11-08 02:00:00'),(388,88,110,1,4,5,13000,'Authentic flavors with traditional cooking style.','2025-11-29 00:15:10','2025-11-07 03:00:00'),(389,89,117,8,2,5,15000,'Modern twist on classic dishes. Very creative menu.','2025-11-29 00:15:10','2025-11-06 04:00:00'),(390,90,124,5,5,4,17000,'Cozy atmosphere, great for catching up with friends.','2025-11-29 00:15:10','2025-11-05 05:00:00'),(391,91,1,2,3,4,90000,'High quality ingredients. Worth the premium price.','2025-11-29 00:15:10','2025-11-04 06:00:00'),(392,92,8,9,1,4,100000,'Decent food but nothing extraordinary. Could be better.','2025-11-29 00:15:10','2025-11-03 07:00:00'),(393,93,15,6,4,3,110000,'Great for business meetings. Calm and professional setting.','2025-11-29 00:15:10','2025-11-02 08:00:00'),(394,94,22,3,2,3,120000,'Solo dining friendly. Comfortable seating and service.','2025-11-29 00:15:10','2025-11-01 09:00:00'),(395,95,29,10,5,2,70000,'Enjoyable experience overall. Would visit again.','2025-11-29 00:15:10','2025-10-31 10:00:00'),(396,96,36,7,3,1,75000,'Amazing desserts and coffee. Perfect afternoon spot.','2025-11-29 00:15:10','2025-10-30 11:00:00'),(397,97,43,4,1,5,80000,'Staff were very kind and attentive throughout the meal.','2025-11-29 00:15:10','2025-10-29 12:00:00'),(398,98,50,1,4,5,85000,'Lively atmosphere, good for group gatherings and parties.','2025-11-29 00:15:10','2025-10-28 13:00:00'),(399,99,57,8,2,5,54000,'Portions were slightly small for the price, but tasty.','2025-11-29 00:15:10','2025-10-27 14:00:00'),(400,100,64,5,5,5,57000,'Reservation is recommended. The place gets crowded quickly.','2025-11-29 00:15:10','2025-10-26 15:00:00'),(401,1,71,2,3,4,30000,'Excellent food and atmosphere! Will definitely come back.','2025-11-29 00:15:10','2025-10-25 16:00:00'),(402,2,78,9,1,4,33000,'Great place for special occasions. Service was impeccable.','2025-11-29 00:15:10','2025-10-24 17:00:00'),(403,3,85,6,4,4,36000,'Food was delicious and portions were generous.','2025-11-29 00:15:10','2025-10-23 18:00:00'),(404,4,92,3,2,3,21000,'Good value for money. Recommended for casual dining.','2025-11-29 00:15:10','2025-10-22 19:00:00'),(405,5,99,10,5,3,23000,'Perfect spot for a date. Romantic ambiance and cozy interior.','2025-11-29 00:15:10','2025-10-21 20:00:00'),(406,6,106,7,3,2,25000,'Family-friendly restaurant with a wide variety of dishes.','2025-11-29 00:15:10','2025-10-20 21:00:00'),(407,7,113,4,1,1,27000,'Quick service and tasty food. Ideal for lunch breaks.','2025-11-29 00:15:10','2025-10-19 22:00:00'),(408,8,120,1,4,5,29000,'Authentic flavors with traditional cooking style.','2025-11-29 00:15:10','2025-10-18 23:00:00'),(409,9,127,8,2,5,7000,'Modern twist on classic dishes. Very creative menu.','2025-11-29 00:15:10','2025-10-17 00:00:00'),(410,10,4,5,5,5,100000,'Cozy atmosphere, great for catching up with friends.','2025-11-29 00:15:10','2025-10-16 01:00:00'),(411,11,11,2,3,5,110000,'High quality ingredients. Worth the premium price.','2025-11-29 00:15:10','2025-10-15 02:00:00'),(412,12,18,9,1,4,120000,'Decent food but nothing extraordinary. Could be better.','2025-11-29 00:15:10','2025-10-14 03:00:00'),(413,13,25,6,4,4,130000,'Great for business meetings. Calm and professional setting.','2025-11-29 00:15:10','2025-10-13 04:00:00'),(414,14,32,3,2,4,85000,'Solo dining friendly. Comfortable seating and service.','2025-11-29 00:15:10','2025-10-12 05:00:00'),(415,15,39,10,5,3,90000,'Enjoyable experience overall. Would visit again.','2025-11-29 00:15:10','2025-10-11 06:00:00'),(416,16,46,7,3,3,95000,'Amazing desserts and coffee. Perfect afternoon spot.','2025-11-29 00:15:10','2025-10-10 07:00:00'),(417,17,53,4,1,2,48000,'Staff were very kind and attentive throughout the meal.','2025-11-29 00:15:10','2025-10-09 08:00:00'),(418,18,60,1,4,1,51000,'Lively atmosphere, good for group gatherings and parties.','2025-11-29 00:15:10','2025-10-08 09:00:00'),(419,19,67,8,2,5,54000,'Portions were slightly small for the price, but tasty.','2025-11-29 00:15:10','2025-10-07 10:00:00'),(420,20,74,5,5,5,57000,'Reservation is recommended. The place gets crowded quickly.','2025-11-29 00:15:10','2025-10-06 11:00:00'),(421,21,81,2,3,5,30000,'Excellent food and atmosphere! Will definitely come back.','2025-11-29 00:15:10','2025-10-05 12:00:00'),(422,22,88,9,1,5,33000,'Great place for special occasions. Service was impeccable.','2025-11-29 00:15:10','2025-10-04 13:00:00'),(423,23,95,6,4,4,11000,'Food was delicious and portions were generous.','2025-11-29 00:15:10','2025-10-03 14:00:00'),(424,24,102,3,2,4,13000,'Good value for money. Recommended for casual dining.','2025-11-29 00:15:10','2025-10-02 15:00:00'),(425,25,109,10,5,4,15000,'Perfect spot for a date. Romantic ambiance and cozy interior.','2025-11-29 00:15:10','2025-10-01 16:00:00'),(426,26,116,7,3,3,17000,'Family-friendly restaurant with a wide variety of dishes.','2025-11-29 00:15:10','2025-09-30 17:00:00'),(427,27,123,4,1,3,19000,'Quick service and tasty food. Ideal for lunch breaks.','2025-11-29 00:15:10','2025-09-29 18:00:00'),(428,28,130,1,4,2,21000,'Authentic flavors with traditional cooking style.','2025-11-29 00:15:10','2025-09-28 19:00:00'),(429,29,7,8,2,1,110000,'Modern twist on classic dishes. Very creative menu.','2025-11-29 00:15:10','2025-09-27 20:00:00'),(430,30,14,5,5,5,120000,'Cozy atmosphere, great for catching up with friends.','2025-11-29 00:15:10','2025-09-26 21:00:00'),(431,31,21,2,3,5,130000,'High quality ingredients. Worth the premium price.','2025-11-29 00:15:10','2025-09-25 22:00:00'),(432,32,28,9,1,5,95000,'Decent food but nothing extraordinary. Could be better.','2025-11-29 00:15:10','2025-09-24 23:00:00'),(433,33,35,6,4,5,60000,'Great for business meetings. Calm and professional setting.','2025-11-29 00:15:10','2025-09-23 00:00:00'),(434,34,42,3,2,4,65000,'Solo dining friendly. Comfortable seating and service.','2025-11-29 00:15:10','2025-09-22 01:00:00'),(435,35,49,10,5,4,70000,'Enjoyable experience overall. Would visit again.','2025-11-29 00:15:10','2025-09-21 02:00:00'),(436,36,56,7,3,4,45000,'Amazing desserts and coffee. Perfect afternoon spot.','2025-11-29 00:15:10','2025-09-20 03:00:00'),(437,37,63,4,1,3,48000,'Staff were very kind and attentive throughout the meal.','2025-11-29 00:15:10','2025-09-19 04:00:00'),(438,38,70,1,4,3,51000,'Lively atmosphere, good for group gatherings and parties.','2025-11-29 00:15:10','2025-09-18 05:00:00'),(439,39,77,8,2,2,54000,'Portions were slightly small for the price, but tasty.','2025-11-29 00:15:10','2025-09-17 06:00:00'),(440,40,84,5,5,1,57000,'Reservation is recommended. The place gets crowded quickly.','2025-11-29 00:15:10','2025-09-16 07:00:00'),(441,41,91,2,3,5,30000,'Excellent food and atmosphere! Will definitely come back.','2025-11-29 00:15:10','2025-09-15 08:00:00'),(442,42,98,9,1,5,25000,'Great place for special occasions. Service was impeccable.','2025-11-29 00:15:10','2025-09-14 09:00:00'),(443,43,105,6,4,5,27000,'Food was delicious and portions were generous.','2025-11-29 00:15:10','2025-09-13 10:00:00'),(444,44,112,3,2,5,29000,'Good value for money. Recommended for casual dining.','2025-11-29 00:15:10','2025-09-12 11:00:00'),(445,45,119,10,5,4,7000,'Perfect spot for a date. Romantic ambiance and cozy interior.','2025-11-29 00:15:10','2025-09-11 12:00:00'),(446,46,126,7,3,4,9000,'Family-friendly restaurant with a wide variety of dishes.','2025-11-29 00:15:10','2025-09-10 13:00:00'),(447,47,3,4,1,4,110000,'Quick service and tasty food. Ideal for lunch breaks.','2025-11-29 00:15:10','2025-09-09 14:00:00'),(448,48,10,1,4,3,120000,'Authentic flavors with traditional cooking style.','2025-11-29 00:15:10','2025-09-08 15:00:00'),(449,49,17,8,2,3,130000,'Modern twist on classic dishes. Very creative menu.','2025-11-29 00:15:10','2025-09-07 16:00:00'),(450,50,24,5,5,2,140000,'Cozy atmosphere, great for catching up with friends.','2025-11-29 00:15:10','2025-09-06 17:00:00'),(451,51,31,2,3,1,70000,'High quality ingredients. Worth the premium price.','2025-11-29 00:15:10','2025-09-05 18:00:00'),(452,52,38,9,1,5,75000,'Decent food but nothing extraordinary. Could be better.','2025-11-29 00:15:10','2025-09-04 19:00:00'),(453,53,45,6,4,5,80000,'Great for business meetings. Calm and professional setting.','2025-11-29 00:15:10','2025-09-03 20:00:00'),(454,54,52,3,2,5,85000,'Solo dining friendly. Comfortable seating and service.','2025-11-29 00:15:10','2025-09-02 21:00:00'),(455,55,59,10,5,5,42000,'Enjoyable experience overall. Would visit again.','2025-11-29 00:15:10','2025-09-01 22:00:00'),(456,56,66,7,3,4,45000,'Amazing desserts and coffee. Perfect afternoon spot.','2025-11-29 00:15:10','2025-08-31 23:00:00'),(457,57,73,4,1,4,48000,'Staff were very kind and attentive throughout the meal.','2025-11-29 00:15:10','2025-08-30 00:00:00'),(458,58,80,1,4,4,51000,'Lively atmosphere, good for group gatherings and parties.','2025-11-29 00:15:10','2025-08-29 01:00:00'),(459,59,87,8,2,3,54000,'Portions were slightly small for the price, but tasty.','2025-11-29 00:15:10','2025-08-28 02:00:00'),(460,60,94,5,5,3,13000,'Reservation is recommended. The place gets crowded quickly.','2025-11-29 00:15:10','2025-08-27 03:00:00'),(461,61,101,2,3,2,15000,'Excellent food and atmosphere! Will definitely come back.','2025-11-29 00:15:10','2025-08-26 04:00:00'),(462,62,108,9,1,1,17000,'Great place for special occasions. Service was impeccable.','2025-11-29 00:15:10','2025-08-25 05:00:00'),(463,63,115,6,4,5,19000,'Food was delicious and portions were generous.','2025-11-29 00:15:10','2025-08-24 06:00:00'),(464,64,122,3,2,5,21000,'Good value for money. Recommended for casual dining.','2025-11-29 00:15:10','2025-08-23 07:00:00'),(465,65,129,10,5,5,23000,'Perfect spot for a date. Romantic ambiance and cozy interior.','2025-11-29 00:15:10','2025-08-22 08:00:00'),(466,66,6,7,3,5,120000,'Family-friendly restaurant with a wide variety of dishes.','2025-11-29 00:15:10','2025-08-21 09:00:00'),(467,67,13,4,1,4,130000,'Quick service and tasty food. Ideal for lunch breaks.','2025-11-29 00:15:10','2025-08-20 10:00:00'),(468,68,20,1,4,4,140000,'Authentic flavors with traditional cooking style.','2025-11-29 00:15:10','2025-08-19 11:00:00'),(469,69,27,8,2,4,80000,'Modern twist on classic dishes. Very creative menu.','2025-11-29 00:15:10','2025-08-18 12:00:00'),(470,70,34,5,5,3,85000,'Cozy atmosphere, great for catching up with friends.','2025-11-29 00:15:10','2025-08-17 13:00:00'),(471,71,41,2,3,3,90000,'High quality ingredients. Worth the premium price.','2025-11-29 00:15:10','2025-08-16 14:00:00'),(472,72,48,9,1,2,95000,'Decent food but nothing extraordinary. Could be better.','2025-11-29 00:15:10','2025-08-15 15:00:00'),(473,73,55,6,4,1,36000,'Great for business meetings. Calm and professional setting.','2025-11-29 00:15:10','2025-08-14 16:00:00'),(474,74,62,3,2,5,39000,'Solo dining friendly. Comfortable seating and service.','2025-11-29 00:15:10','2025-08-13 17:00:00'),(475,75,69,10,5,5,42000,'Enjoyable experience overall. Would visit again.','2025-11-29 00:15:10','2025-08-12 18:00:00'),(476,76,76,7,3,5,45000,'Amazing desserts and coffee. Perfect afternoon spot.','2025-11-29 00:15:10','2025-08-11 19:00:00'),(477,77,83,4,1,5,48000,'Staff were very kind and attentive throughout the meal.','2025-11-29 00:15:10','2025-08-10 20:00:00'),(478,78,90,1,4,4,51000,'Lively atmosphere, good for group gatherings and parties.','2025-11-29 00:15:10','2025-08-09 21:00:00'),(479,79,97,8,2,4,27000,'Portions were slightly small for the price, but tasty.','2025-11-29 00:15:10','2025-08-08 22:00:00'),(480,80,104,5,5,4,29000,'Reservation is recommended. The place gets crowded quickly.','2025-11-29 00:15:10','2025-08-07 23:00:00'),(481,81,111,2,3,3,7000,'Excellent food and atmosphere! Will definitely come back.','2025-11-29 00:15:10','2025-08-06 00:00:00'),(482,82,118,9,1,3,9000,'Great place for special occasions. Service was impeccable.','2025-11-29 00:15:10','2025-08-05 01:00:00'),(483,83,125,6,4,2,11000,'Food was delicious and portions were generous.','2025-11-29 00:15:10','2025-08-04 02:00:00'),(484,84,2,3,2,1,120000,'Good value for money. Recommended for casual dining.','2025-11-29 00:15:10','2025-08-03 03:00:00'),(485,85,9,10,5,5,130000,'Perfect spot for a date. Romantic ambiance and cozy interior.','2025-11-29 00:15:10','2025-08-02 04:00:00'),(486,86,16,7,3,5,140000,'Family-friendly restaurant with a wide variety of dishes.','2025-11-29 00:15:10','2025-08-01 05:00:00'),(487,87,23,4,1,5,90000,'Quick service and tasty food. Ideal for lunch breaks.','2025-11-29 00:15:10','2025-07-31 06:00:00'),(488,88,30,1,4,5,95000,'Authentic flavors with traditional cooking style.','2025-11-29 00:15:10','2025-07-30 07:00:00'),(489,89,37,8,2,4,60000,'Modern twist on classic dishes. Very creative menu.','2025-11-29 00:15:10','2025-07-29 08:00:00'),(490,90,44,5,5,4,65000,'Cozy atmosphere, great for catching up with friends.','2025-11-29 00:15:10','2025-07-28 09:00:00'),(491,91,51,2,3,4,70000,'High quality ingredients. Worth the premium price.','2025-11-29 00:15:10','2025-07-27 10:00:00'),(492,92,58,9,1,3,33000,'Decent food but nothing extraordinary. Could be better.','2025-11-29 00:15:10','2025-07-26 11:00:00'),(493,93,65,6,4,3,36000,'Great for business meetings. Calm and professional setting.','2025-11-29 00:15:10','2025-07-25 12:00:00'),(494,94,72,3,2,2,39000,'Solo dining friendly. Comfortable seating and service.','2025-11-29 00:15:10','2025-07-24 13:00:00'),(495,95,79,10,5,1,42000,'Enjoyable experience overall. Would visit again.','2025-11-29 00:15:10','2025-07-23 14:00:00'),(496,96,86,7,3,5,45000,'Amazing desserts and coffee. Perfect afternoon spot.','2025-11-29 00:15:10','2025-07-22 15:00:00'),(497,97,93,4,1,5,15000,'Staff were very kind and attentive throughout the meal.','2025-11-29 00:15:10','2025-07-21 16:00:00'),(498,98,100,1,4,5,17000,'Lively atmosphere, good for group gatherings and parties.','2025-11-29 00:15:10','2025-07-20 17:00:00'),(499,99,107,8,2,5,19000,'Portions were slightly small for the price, but tasty.','2025-11-29 00:15:10','2025-07-19 18:00:00'),(500,100,114,5,5,4,21000,'Reservation is recommended. The place gets crowded quickly.','2025-11-29 00:15:10','2025-07-18 19:00:00'),(501,1,121,2,3,4,23000,'Excellent food and atmosphere! Will definitely come back.','2025-11-29 00:15:10','2025-07-17 20:00:00'),(502,2,128,9,1,4,25000,'Great place for special occasions. Service was impeccable.','2025-11-29 00:15:10','2025-07-16 21:00:00'),(503,3,5,6,4,3,130000,'Food was delicious and portions were generous.','2025-11-29 00:15:10','2025-07-15 22:00:00'),(504,4,12,3,2,3,140000,'Good value for money. Recommended for casual dining.','2025-11-29 00:15:10','2025-07-14 23:00:00'),(505,5,19,10,5,2,90000,'Perfect spot for a date. Romantic ambiance and cozy interior.','2025-11-29 00:15:10','2025-07-13 00:00:00'),(506,6,26,7,3,1,100000,'Family-friendly restaurant with a wide variety of dishes.','2025-11-29 00:15:10','2025-07-12 01:00:00'),(507,7,33,4,1,5,70000,'Quick service and tasty food. Ideal for lunch breaks.','2025-11-29 00:15:10','2025-07-11 02:00:00'),(508,8,40,1,4,5,75000,'Authentic flavors with traditional cooking style.','2025-11-29 00:15:10','2025-07-10 03:00:00'),(509,9,47,8,2,5,80000,'Modern twist on classic dishes. Very creative menu.','2025-11-29 00:15:10','2025-07-09 04:00:00'),(510,10,54,5,5,5,57000,'Cozy atmosphere, great for catching up with friends.','2025-11-29 00:15:10','2025-07-08 05:00:00'),(511,11,61,2,3,4,30000,'High quality ingredients. Worth the premium price.','2025-11-29 00:15:10','2025-07-07 06:00:00'),(512,12,68,9,1,4,33000,'Decent food but nothing extraordinary. Could be better.','2025-11-29 00:15:10','2025-07-06 07:00:00'),(513,13,75,6,4,4,36000,'Great for business meetings. Calm and professional setting.','2025-11-29 00:15:10','2025-07-05 08:00:00'),(514,14,82,3,2,3,39000,'Solo dining friendly. Comfortable seating and service.','2025-11-29 00:15:10','2025-07-04 09:00:00'),(515,15,89,10,5,3,42000,'Enjoyable experience overall. Would visit again.','2025-11-29 00:15:10','2025-07-03 10:00:00'),(516,16,96,7,3,2,29000,'Amazing desserts and coffee. Perfect afternoon spot.','2025-11-29 00:15:10','2025-07-02 11:00:00'),(517,17,103,4,1,1,7000,'Staff were very kind and attentive throughout the meal.','2025-11-29 00:15:10','2025-07-01 12:00:00'),(518,18,110,1,4,5,9000,'Lively atmosphere, good for group gatherings and parties.','2025-11-29 00:15:10','2025-06-30 13:00:00'),(519,19,117,8,2,5,11000,'Portions were slightly small for the price, but tasty.','2025-11-29 00:15:10','2025-06-29 14:00:00'),(520,20,124,5,5,5,13000,'Reservation is recommended. The place gets crowded quickly.','2025-11-29 00:15:10','2025-06-28 15:00:00'),(521,21,1,2,3,5,130000,'Excellent food and atmosphere! Will definitely come back.','2025-11-29 00:15:10','2025-06-27 16:00:00'),(522,22,8,9,1,4,140000,'Great place for special occasions. Service was impeccable.','2025-11-29 00:15:10','2025-06-26 17:00:00'),(523,23,15,6,4,4,90000,'Food was delicious and portions were generous.','2025-11-29 00:15:10','2025-06-25 18:00:00'),(524,24,22,3,2,4,100000,'Good value for money. Recommended for casual dining.','2025-11-29 00:15:10','2025-06-24 19:00:00'),(525,25,29,10,5,3,80000,'Perfect spot for a date. Romantic ambiance and cozy interior.','2025-11-29 00:15:10','2025-06-23 20:00:00'),(526,26,36,7,3,3,85000,'Family-friendly restaurant with a wide variety of dishes.','2025-11-29 00:15:10','2025-06-22 21:00:00'),(527,27,43,4,1,2,90000,'Quick service and tasty food. Ideal for lunch breaks.','2025-11-29 00:15:10','2025-06-21 22:00:00'),(528,28,50,1,4,1,95000,'Authentic flavors with traditional cooking style.','2025-11-29 00:15:10','2025-06-20 23:00:00'),(529,29,57,8,2,5,54000,'Modern twist on classic dishes. Very creative menu.','2025-11-29 00:15:10','2025-06-19 00:00:00'),(530,30,64,5,5,5,57000,'Cozy atmosphere, great for catching up with friends.','2025-11-29 00:15:10','2025-06-18 01:00:00'),(531,31,71,2,3,5,30000,'High quality ingredients. Worth the premium price.','2025-11-29 00:15:10','2025-06-17 02:00:00'),(532,32,78,9,1,5,33000,'Decent food but nothing extraordinary. Could be better.','2025-11-29 00:15:10','2025-06-16 03:00:00'),(533,33,85,6,4,4,36000,'Great for business meetings. Calm and professional setting.','2025-11-29 00:15:10','2025-06-15 04:00:00'),(534,34,92,3,2,4,17000,'Solo dining friendly. Comfortable seating and service.','2025-11-29 00:15:10','2025-06-14 05:00:00'),(535,35,99,10,5,4,19000,'Enjoyable experience overall. Would visit again.','2025-11-29 00:15:10','2025-06-13 06:00:00'),(536,36,106,7,3,3,21000,'Amazing desserts and coffee. Perfect afternoon spot.','2025-11-29 00:15:10','2025-06-12 07:00:00'),(537,37,113,4,1,3,23000,'Staff were very kind and attentive throughout the meal.','2025-11-29 00:15:10','2025-06-11 08:00:00'),(538,38,120,1,4,2,25000,'Lively atmosphere, good for group gatherings and parties.','2025-11-29 00:15:10','2025-06-10 09:00:00'),(539,39,127,8,2,1,27000,'Portions were slightly small for the price, but tasty.','2025-11-29 00:15:10','2025-06-09 10:00:00'),(540,40,4,5,5,5,140000,'Reservation is recommended. The place gets crowded quickly.','2025-11-29 00:15:10','2025-06-08 11:00:00'),(541,41,11,2,3,5,90000,'Excellent food and atmosphere! Will definitely come back.','2025-11-29 00:15:10','2025-06-07 12:00:00'),(542,42,18,9,1,5,100000,'Great place for special occasions. Service was impeccable.','2025-11-29 00:15:10','2025-06-06 13:00:00'),(543,43,25,6,4,5,110000,'Food was delicious and portions were generous.','2025-11-29 00:15:10','2025-06-05 14:00:00'),(544,44,32,3,2,4,95000,'Good value for money. Recommended for casual dining.','2025-11-29 00:15:10','2025-06-04 15:00:00'),(545,45,39,10,5,4,60000,'Perfect spot for a date. Romantic ambiance and cozy interior.','2025-11-29 00:15:10','2025-06-03 16:00:00'),(546,46,46,7,3,4,65000,'Family-friendly restaurant with a wide variety of dishes.','2025-11-29 00:15:10','2025-06-02 17:00:00'),(547,47,53,4,1,3,48000,'Quick service and tasty food. Ideal for lunch breaks.','2025-11-29 00:15:10','2025-06-01 18:00:00'),(548,48,60,1,4,3,51000,'Authentic flavors with traditional cooking style.','2025-11-29 00:15:10','2025-05-31 19:00:00'),(549,49,67,8,2,2,54000,'Modern twist on classic dishes. Very creative menu.','2025-11-29 00:15:10','2025-05-30 20:00:00'),(550,50,74,5,5,1,57000,'Cozy atmosphere, great for catching up with friends.','2025-11-29 00:15:10','2025-05-29 21:00:00'),(551,51,81,2,3,5,30000,'High quality ingredients. Worth the premium price.','2025-11-29 00:15:10','2025-05-28 22:00:00'),(552,52,88,9,1,5,33000,'Decent food but nothing extraordinary. Could be better.','2025-11-29 00:15:10','2025-05-27 23:00:00'),(553,53,95,6,4,5,7000,'Great for business meetings. Calm and professional setting.','2025-11-29 00:15:10','2025-05-26 00:00:00'),(554,54,102,3,2,5,9000,'Solo dining friendly. Comfortable seating and service.','2025-11-29 00:15:10','2025-05-25 01:00:00'),(555,55,109,10,5,4,11000,'Enjoyable experience overall. Would visit again.','2025-11-29 00:15:10','2025-05-24 02:00:00'),(556,56,116,7,3,4,13000,'Amazing desserts and coffee. Perfect afternoon spot.','2025-11-29 00:15:10','2025-05-23 03:00:00'),(557,57,123,4,1,4,15000,'Staff were very kind and attentive throughout the meal.','2025-11-29 00:15:10','2025-05-22 04:00:00'),(558,58,130,1,4,3,17000,'Lively atmosphere, good for group gatherings and parties.','2025-11-29 00:15:10','2025-05-21 05:00:00'),(559,59,7,8,2,3,90000,'Portions were slightly small for the price, but tasty.','2025-11-29 00:15:10','2025-05-20 06:00:00'),(560,60,14,5,5,2,100000,'Reservation is recommended. The place gets crowded quickly.','2025-11-29 00:15:10','2025-05-19 07:00:00'),(561,61,21,2,3,1,110000,'Excellent food and atmosphere! Will definitely come back.','2025-11-29 00:15:10','2025-05-18 08:00:00'),(562,62,28,9,1,5,65000,'Great place for special occasions. Service was impeccable.','2025-11-29 00:15:10','2025-05-17 09:00:00'),(563,63,35,6,4,5,70000,'Food was delicious and portions were generous.','2025-11-29 00:15:10','2025-05-16 10:00:00'),(564,64,42,3,2,5,75000,'Good value for money. Recommended for casual dining.','2025-11-29 00:15:10','2025-05-15 11:00:00'),(565,65,49,10,5,5,80000,'Perfect spot for a date. Romantic ambiance and cozy interior.','2025-11-29 00:15:10','2025-05-14 12:00:00'),(566,66,56,7,3,4,45000,'Family-friendly restaurant with a wide variety of dishes.','2025-11-29 00:15:10','2025-05-13 13:00:00'),(567,67,63,4,1,4,48000,'Quick service and tasty food. Ideal for lunch breaks.','2025-11-29 00:15:10','2025-05-12 14:00:00'),(568,68,70,1,4,4,51000,'Authentic flavors with traditional cooking style.','2025-11-29 00:15:10','2025-05-11 15:00:00'),(569,69,77,8,2,3,54000,'Modern twist on classic dishes. Very creative menu.','2025-11-29 00:15:10','2025-05-10 16:00:00'),(570,70,84,5,5,3,57000,'Cozy atmosphere, great for catching up with friends.','2025-11-29 00:15:10','2025-05-09 17:00:00'),(571,71,91,2,3,2,30000,'High quality ingredients. Worth the premium price.','2025-11-29 00:15:10','2025-05-08 18:00:00'),(572,72,98,9,1,1,21000,'Decent food but nothing extraordinary. Could be better.','2025-11-29 00:15:10','2025-05-07 19:00:00'),(573,73,105,6,4,5,23000,'Great for business meetings. Calm and professional setting.','2025-11-29 00:15:10','2025-05-06 20:00:00'),(574,74,112,3,2,5,25000,'Solo dining friendly. Comfortable seating and service.','2025-11-29 00:15:10','2025-05-05 21:00:00'),(575,75,119,10,5,5,27000,'Enjoyable experience overall. Would visit again.','2025-11-29 00:15:10','2025-05-04 22:00:00'),(576,76,126,7,3,5,29000,'Amazing desserts and coffee. Perfect afternoon spot.','2025-11-29 00:15:10','2025-05-03 23:00:00'),(577,77,3,4,1,4,90000,'Staff were very kind and attentive throughout the meal.','2025-11-29 00:15:10','2025-05-02 00:00:00'),(578,78,10,1,4,4,100000,'Lively atmosphere, good for group gatherings and parties.','2025-11-29 00:15:10','2025-05-01 01:00:00'),(579,79,17,8,2,4,110000,'Portions were slightly small for the price, but tasty.','2025-11-29 00:15:10','2025-04-30 02:00:00'),(580,80,24,5,5,3,120000,'Reservation is recommended. The place gets crowded quickly.','2025-11-29 00:15:10','2025-04-29 03:00:00'),(581,81,31,2,3,3,80000,'Excellent food and atmosphere! Will definitely come back.','2025-11-29 00:15:10','2025-04-28 04:00:00'),(582,82,38,9,1,2,85000,'Great place for special occasions. Service was impeccable.','2025-11-29 00:15:10','2025-04-27 05:00:00'),(583,83,45,6,4,1,90000,'Food was delicious and portions were generous.','2025-11-29 00:15:10','2025-04-26 06:00:00'),(584,84,52,3,2,5,95000,'Good value for money. Recommended for casual dining.','2025-11-29 00:15:10','2025-04-25 07:00:00'),(585,85,59,10,5,5,42000,'Perfect spot for a date. Romantic ambiance and cozy interior.','2025-11-29 00:15:10','2025-04-24 08:00:00'),(586,86,66,7,3,5,45000,'Family-friendly restaurant with a wide variety of dishes.','2025-11-29 00:15:10','2025-04-23 09:00:00'),(587,87,73,4,1,5,48000,'Quick service and tasty food. Ideal for lunch breaks.','2025-11-29 00:15:10','2025-04-22 10:00:00'),(588,88,80,1,4,4,51000,'Authentic flavors with traditional cooking style.','2025-11-29 00:15:10','2025-04-21 11:00:00'),(589,89,87,8,2,4,54000,'Modern twist on classic dishes. Very creative menu.','2025-11-29 00:15:10','2025-04-20 12:00:00'),(590,90,94,5,5,4,9000,'Cozy atmosphere, great for catching up with friends.','2025-11-29 00:15:10','2025-04-19 13:00:00'),(591,91,101,2,3,3,11000,'High quality ingredients. Worth the premium price.','2025-11-29 00:15:10','2025-04-18 14:00:00'),(592,92,108,9,1,3,13000,'Decent food but nothing extraordinary. Could be better.','2025-11-29 00:15:10','2025-04-17 15:00:00'),(593,93,115,6,4,2,15000,'Great for business meetings. Calm and professional setting.','2025-11-29 00:15:10','2025-04-16 16:00:00'),(594,94,122,3,2,1,17000,'Solo dining friendly. Comfortable seating and service.','2025-11-29 00:15:10','2025-04-15 17:00:00'),(595,95,129,10,5,5,19000,'Enjoyable experience overall. Would visit again.','2025-11-29 00:15:10','2025-04-14 18:00:00'),(596,96,6,7,3,5,100000,'Amazing desserts and coffee. Perfect afternoon spot.','2025-11-29 00:15:10','2025-04-13 19:00:00'),(597,97,13,4,1,5,110000,'Staff were very kind and attentive throughout the meal.','2025-11-29 00:15:10','2025-04-12 20:00:00'),(598,98,20,1,4,5,120000,'Lively atmosphere, good for group gatherings and parties.','2025-11-29 00:15:10','2025-04-11 21:00:00'),(599,99,27,8,2,4,90000,'Portions were slightly small for the price, but tasty.','2025-11-29 00:15:10','2025-04-10 22:00:00'),(600,100,34,5,5,4,95000,'Reservation is recommended. The place gets crowded quickly.','2025-11-29 00:15:10','2025-04-09 23:00:00'),(601,1,41,2,3,4,60000,'Excellent food and atmosphere! Will definitely come back.','2025-11-29 00:15:10','2025-04-08 00:00:00'),(602,2,48,9,1,3,65000,'Great place for special occasions. Service was impeccable.','2025-11-29 00:15:10','2025-04-07 01:00:00'),(603,3,55,6,4,3,36000,'Food was delicious and portions were generous.','2025-11-29 00:15:10','2025-04-06 02:00:00'),(604,4,62,3,2,2,39000,'Good value for money. Recommended for casual dining.','2025-11-29 00:15:10','2025-04-05 03:00:00'),(605,5,69,10,5,1,42000,'Perfect spot for a date. Romantic ambiance and cozy interior.','2025-11-29 00:15:10','2025-04-04 04:00:00'),(606,6,76,7,3,5,45000,'Family-friendly restaurant with a wide variety of dishes.','2025-11-29 00:15:10','2025-04-03 05:00:00'),(607,7,83,4,1,5,48000,'Quick service and tasty food. Ideal for lunch breaks.','2025-11-29 00:15:10','2025-04-02 06:00:00'),(608,8,90,1,4,5,51000,'Authentic flavors with traditional cooking style.','2025-11-29 00:15:10','2025-04-01 07:00:00'),(609,9,97,8,2,5,23000,'Modern twist on classic dishes. Very creative menu.','2025-11-29 00:15:10','2025-03-31 08:00:00'),(610,10,104,5,5,4,25000,'Cozy atmosphere, great for catching up with friends.','2025-11-29 00:15:10','2025-03-30 09:00:00'),(611,11,111,2,3,4,27000,'High quality ingredients. Worth the premium price.','2025-11-29 00:15:10','2025-03-29 10:00:00'),(612,12,118,9,1,4,29000,'Decent food but nothing extraordinary. Could be better.','2025-11-29 00:15:10','2025-03-28 11:00:00'),(613,13,125,6,4,3,7000,'Great for business meetings. Calm and professional setting.','2025-11-29 00:15:10','2025-03-27 12:00:00'),(614,14,2,3,2,3,100000,'Solo dining friendly. Comfortable seating and service.','2025-11-29 00:15:10','2025-03-26 13:00:00'),(615,15,9,10,5,2,110000,'Enjoyable experience overall. Would visit again.','2025-11-29 00:15:10','2025-03-25 14:00:00'),(616,16,16,7,3,1,120000,'Amazing desserts and coffee. Perfect afternoon spot.','2025-11-29 00:15:10','2025-03-24 15:00:00'),(617,17,23,4,1,5,130000,'Staff were very kind and attentive throughout the meal.','2025-11-29 00:15:10','2025-03-23 16:00:00'),(618,18,30,1,4,5,65000,'Lively atmosphere, good for group gatherings and parties.','2025-11-29 00:15:10','2025-03-22 17:00:00'),(619,19,37,8,2,5,70000,'Portions were slightly small for the price, but tasty.','2025-11-29 00:15:10','2025-03-21 18:00:00'),(620,20,44,5,5,5,75000,'Reservation is recommended. The place gets crowded quickly.','2025-11-29 00:15:10','2025-03-20 19:00:00'),(621,21,51,2,3,4,80000,'Excellent food and atmosphere! Will definitely come back.','2025-11-29 00:15:10','2025-03-19 20:00:00'),(622,22,58,9,1,4,33000,'Great place for special occasions. Service was impeccable.','2025-11-29 00:15:10','2025-03-18 21:00:00'),(623,23,65,6,4,4,36000,'Food was delicious and portions were generous.','2025-11-29 00:15:10','2025-03-17 22:00:00'),(624,24,72,3,2,3,39000,'Good value for money. Recommended for casual dining.','2025-11-29 00:15:10','2025-03-16 23:00:00'),(625,25,79,10,5,3,42000,'Perfect spot for a date. Romantic ambiance and cozy interior.','2025-11-29 00:15:10','2025-03-15 00:00:00'),(626,26,86,7,3,2,45000,'Family-friendly restaurant with a wide variety of dishes.','2025-11-29 00:15:10','2025-03-14 01:00:00'),(627,27,93,4,1,1,11000,'Quick service and tasty food. Ideal for lunch breaks.','2025-11-29 00:15:10','2025-03-13 02:00:00'),(628,28,100,1,4,5,13000,'Authentic flavors with traditional cooking style.','2025-11-29 00:15:10','2025-03-12 03:00:00'),(629,29,107,8,2,5,15000,'Modern twist on classic dishes. Very creative menu.','2025-11-29 00:15:10','2025-03-11 04:00:00'),(630,30,114,5,5,5,17000,'Cozy atmosphere, great for catching up with friends.','2025-11-29 00:15:10','2025-03-10 05:00:00'),(631,31,121,2,3,5,19000,'High quality ingredients. Worth the premium price.','2025-11-29 00:15:10','2025-03-09 06:00:00'),(632,32,128,9,1,4,21000,'Decent food but nothing extraordinary. Could be better.','2025-11-29 00:15:10','2025-03-08 07:00:00'),(633,33,5,6,4,4,110000,'Great for business meetings. Calm and professional setting.','2025-11-29 00:15:10','2025-03-07 08:00:00'),(634,34,12,3,2,4,120000,'Solo dining friendly. Comfortable seating and service.','2025-11-29 00:15:10','2025-03-06 09:00:00'),(635,35,19,10,5,3,130000,'Enjoyable experience overall. Would visit again.','2025-11-29 00:15:10','2025-03-05 10:00:00'),(636,36,26,7,3,3,140000,'Amazing desserts and coffee. Perfect afternoon spot.','2025-11-29 00:15:10','2025-03-04 11:00:00'),(637,37,33,4,1,2,80000,'Staff were very kind and attentive throughout the meal.','2025-11-29 00:15:10','2025-03-03 12:00:00'),(638,38,40,1,4,1,85000,'Lively atmosphere, good for group gatherings and parties.','2025-11-29 00:15:10','2025-03-02 13:00:00'),(639,39,47,8,2,5,90000,'Portions were slightly small for the price, but tasty.','2025-11-29 00:15:10','2025-03-01 14:00:00'),(640,40,54,5,5,5,57000,'Reservation is recommended. The place gets crowded quickly.','2025-11-29 00:15:10','2025-02-28 15:00:00'),(641,41,61,2,3,5,30000,'Excellent food and atmosphere! Will definitely come back.','2025-11-29 00:15:10','2025-02-27 16:00:00'),(642,42,68,9,1,5,33000,'Great place for special occasions. Service was impeccable.','2025-11-29 00:15:10','2025-02-26 17:00:00'),(643,43,75,6,4,4,36000,'Food was delicious and portions were generous.','2025-11-29 00:15:10','2025-02-25 18:00:00'),(644,44,82,3,2,4,39000,'Good value for money. Recommended for casual dining.','2025-11-29 00:15:10','2025-02-24 19:00:00'),(645,45,89,10,5,4,42000,'Perfect spot for a date. Romantic ambiance and cozy interior.','2025-11-29 00:15:10','2025-02-23 20:00:00'),(646,46,96,7,3,3,25000,'Family-friendly restaurant with a wide variety of dishes.','2025-11-29 00:15:10','2025-02-22 21:00:00'),(647,47,103,4,1,3,27000,'Quick service and tasty food. Ideal for lunch breaks.','2025-11-29 00:15:10','2025-02-21 22:00:00'),(648,48,110,1,4,2,29000,'Authentic flavors with traditional cooking style.','2025-11-29 00:15:10','2025-02-20 23:00:00'),(649,49,117,8,2,1,7000,'Modern twist on classic dishes. Very creative menu.','2025-11-29 00:15:10','2025-02-19 00:00:00'),(650,50,124,5,5,5,9000,'Cozy atmosphere, great for catching up with friends.','2025-11-29 00:15:10','2025-02-18 01:00:00'),(651,51,1,2,3,5,110000,'High quality ingredients. Worth the premium price.','2025-11-29 00:15:10','2025-02-17 02:00:00'),(652,52,8,9,1,5,120000,'Decent food but nothing extraordinary. Could be better.','2025-11-29 00:15:10','2025-02-16 03:00:00'),(653,53,15,6,4,5,130000,'Great for business meetings. Calm and professional setting.','2025-11-29 00:15:10','2025-02-15 04:00:00'),(654,54,22,3,2,4,140000,'Solo dining friendly. Comfortable seating and service.','2025-11-29 00:15:10','2025-02-14 05:00:00'),(655,55,29,10,5,4,90000,'Enjoyable experience overall. Would visit again.','2025-11-29 00:15:10','2025-02-13 06:00:00'),(656,56,36,7,3,4,95000,'Amazing desserts and coffee. Perfect afternoon spot.','2025-11-29 00:15:10','2025-02-12 07:00:00'),(657,57,43,4,1,3,60000,'Staff were very kind and attentive throughout the meal.','2025-11-29 00:15:10','2025-02-11 08:00:00'),(658,58,50,1,4,3,65000,'Lively atmosphere, good for group gatherings and parties.','2025-11-29 00:15:10','2025-02-10 09:00:00'),(659,59,57,8,2,2,54000,'Portions were slightly small for the price, but tasty.','2025-11-29 00:15:10','2025-02-09 10:00:00'),(660,60,64,5,5,1,57000,'Reservation is recommended. The place gets crowded quickly.','2025-11-29 00:15:10','2025-02-08 11:00:00'),(661,61,71,2,3,5,30000,'Excellent food and atmosphere! Will definitely come back.','2025-11-29 00:15:10','2025-02-07 12:00:00'),(662,62,78,9,1,5,33000,'Great place for special occasions. Service was impeccable.','2025-11-29 00:15:10','2025-02-06 13:00:00'),(663,63,85,6,4,5,36000,'Food was delicious and portions were generous.','2025-11-29 00:15:10','2025-02-05 14:00:00'),(664,64,92,3,2,5,13000,'Good value for money. Recommended for casual dining.','2025-11-29 00:15:10','2025-02-04 15:00:00'),(665,65,99,10,5,4,15000,'Perfect spot for a date. Romantic ambiance and cozy interior.','2025-11-29 00:15:10','2025-02-03 16:00:00'),(666,66,106,7,3,4,17000,'Family-friendly restaurant with a wide variety of dishes.','2025-11-29 00:15:10','2025-02-02 17:00:00'),(667,67,113,4,1,4,19000,'Quick service and tasty food. Ideal for lunch breaks.','2025-11-29 00:15:10','2025-02-01 18:00:00'),(668,68,120,1,4,3,21000,'Authentic flavors with traditional cooking style.','2025-11-29 00:15:10','2025-01-31 19:00:00'),(669,69,127,8,2,3,23000,'Modern twist on classic dishes. Very creative menu.','2025-11-29 00:15:10','2025-01-30 20:00:00'),(670,70,4,5,5,2,120000,'Cozy atmosphere, great for catching up with friends.','2025-11-29 00:15:10','2025-01-29 21:00:00'),(671,71,11,2,3,1,130000,'High quality ingredients. Worth the premium price.','2025-11-29 00:15:10','2025-01-28 22:00:00'),(672,72,18,9,1,5,140000,'Decent food but nothing extraordinary. Could be better.','2025-11-29 00:15:10','2025-01-27 23:00:00'),(673,73,25,6,4,5,90000,'Great for business meetings. Calm and professional setting.','2025-11-29 00:15:10','2025-01-26 00:00:00'),(674,74,32,3,2,5,65000,'Solo dining friendly. Comfortable seating and service.','2025-11-29 00:15:10','2025-01-25 01:00:00'),(675,75,39,10,5,5,70000,'Enjoyable experience overall. Would visit again.','2025-11-29 00:15:10','2025-01-24 02:00:00'),(676,76,46,7,3,4,75000,'Amazing desserts and coffee. Perfect afternoon spot.','2025-11-29 00:15:10','2025-01-23 03:00:00'),(677,77,53,4,1,4,48000,'Staff were very kind and attentive throughout the meal.','2025-11-29 00:15:10','2025-01-22 04:00:00'),(678,78,60,1,4,4,51000,'Lively atmosphere, good for group gatherings and parties.','2025-11-29 00:15:10','2025-01-21 05:00:00'),(679,79,67,8,2,3,54000,'Portions were slightly small for the price, but tasty.','2025-11-29 00:15:10','2025-01-20 06:00:00'),(680,80,74,5,5,3,57000,'Reservation is recommended. The place gets crowded quickly.','2025-11-29 00:15:10','2025-01-19 07:00:00'),(681,81,81,2,3,2,30000,'Excellent food and atmosphere! Will definitely come back.','2025-11-29 00:15:10','2025-01-18 08:00:00'),(682,82,88,9,1,1,33000,'Great place for special occasions. Service was impeccable.','2025-11-29 00:15:10','2025-01-17 09:00:00'),(683,83,95,6,4,5,27000,'Food was delicious and portions were generous.','2025-11-29 00:15:10','2025-01-16 10:00:00'),(684,84,102,3,2,5,29000,'Good value for money. Recommended for casual dining.','2025-11-29 00:15:10','2025-01-15 11:00:00'),(685,85,109,10,5,5,7000,'Perfect spot for a date. Romantic ambiance and cozy interior.','2025-11-29 00:15:10','2025-01-14 12:00:00'),(686,86,116,7,3,5,9000,'Family-friendly restaurant with a wide variety of dishes.','2025-11-29 00:15:10','2025-01-13 13:00:00'),(687,87,123,4,1,4,11000,'Quick service and tasty food. Ideal for lunch breaks.','2025-11-29 00:15:10','2025-01-12 14:00:00'),(688,88,130,1,4,4,13000,'Authentic flavors with traditional cooking style.','2025-11-29 00:15:10','2025-01-11 15:00:00'),(689,89,7,8,2,4,130000,'Modern twist on classic dishes. Very creative menu.','2025-11-29 00:15:10','2025-01-10 16:00:00'),(690,90,14,5,5,3,140000,'Cozy atmosphere, great for catching up with friends.','2025-11-29 00:15:10','2025-01-09 17:00:00'),(691,91,21,2,3,3,90000,'High quality ingredients. Worth the premium price.','2025-11-29 00:15:10','2025-01-08 18:00:00'),(692,92,28,9,1,2,75000,'Decent food but nothing extraordinary. Could be better.','2025-11-29 00:15:10','2025-01-07 19:00:00'),(693,93,35,6,4,1,80000,'Great for business meetings. Calm and professional setting.','2025-11-29 00:15:10','2025-01-06 20:00:00'),(694,94,42,3,2,5,85000,'Solo dining friendly. Comfortable seating and service.','2025-11-29 00:15:10','2025-01-05 21:00:00'),(695,95,49,10,5,5,90000,'Enjoyable experience overall. Would visit again.','2025-11-29 00:15:10','2025-01-04 22:00:00'),(696,96,56,7,3,5,45000,'Amazing desserts and coffee. Perfect afternoon spot.','2025-11-29 00:15:10','2025-01-03 23:00:00'),(697,97,63,4,1,5,48000,'Staff were very kind and attentive throughout the meal.','2025-11-29 00:15:10','2025-01-02 00:00:00'),(698,98,70,1,4,4,51000,'Lively atmosphere, good for group gatherings and parties.','2025-11-29 00:15:10','2025-01-01 01:00:00'),(699,99,77,8,2,4,54000,'Portions were slightly small for the price, but tasty.','2025-11-29 00:15:10','2024-12-31 02:00:00'),(700,100,84,5,5,4,57000,'Reservation is recommended. The place gets crowded quickly.','2025-11-29 00:15:10','2024-12-30 03:00:00'),(701,1,91,2,3,3,30000,'Excellent food and atmosphere! Will definitely come back.','2025-11-29 00:15:10','2024-12-29 04:00:00'),(702,2,98,9,1,3,17000,'Great place for special occasions. Service was impeccable.','2025-11-29 00:15:10','2024-12-28 05:00:00'),(703,3,105,6,4,2,19000,'Food was delicious and portions were generous.','2025-11-29 00:15:10','2024-12-27 06:00:00'),(704,4,112,3,2,1,21000,'Good value for money. Recommended for casual dining.','2025-11-29 00:15:10','2024-12-26 07:00:00'),(705,5,119,10,5,5,23000,'Perfect spot for a date. Romantic ambiance and cozy interior.','2025-11-29 00:15:10','2024-12-25 08:00:00'),(706,6,126,7,3,5,25000,'Family-friendly restaurant with a wide variety of dishes.','2025-11-29 00:15:10','2024-12-24 09:00:00'),(707,7,3,4,1,5,130000,'Quick service and tasty food. Ideal for lunch breaks.','2025-11-29 00:15:10','2024-12-23 10:00:00'),(708,8,10,1,4,5,140000,'Authentic flavors with traditional cooking style.','2025-11-29 00:15:10','2024-12-22 11:00:00'),(709,9,17,8,2,4,90000,'Modern twist on classic dishes. Very creative menu.','2025-11-29 00:15:10','2024-12-21 12:00:00'),(710,10,24,5,5,4,100000,'Cozy atmosphere, great for catching up with friends.','2025-11-29 00:15:10','2024-12-20 13:00:00'),(711,11,31,2,3,4,90000,'High quality ingredients. Worth the premium price.','2025-11-29 00:15:10','2024-12-19 14:00:00'),(712,12,38,9,1,3,95000,'Decent food but nothing extraordinary. Could be better.','2025-11-29 00:15:10','2024-12-18 15:00:00'),(713,13,45,6,4,3,60000,'Great for business meetings. Calm and professional setting.','2025-11-29 00:15:10','2024-12-17 16:00:00'),(714,14,52,3,2,2,65000,'Solo dining friendly. Comfortable seating and service.','2025-11-29 00:15:10','2024-12-16 17:00:00'),(715,15,59,10,5,1,42000,'Enjoyable experience overall. Would visit again.','2025-11-29 00:15:10','2024-12-15 18:00:00'),(716,16,66,7,3,5,45000,'Amazing desserts and coffee. Perfect afternoon spot.','2025-11-29 00:15:10','2024-12-14 19:00:00'),(717,17,73,4,1,5,48000,'Staff were very kind and attentive throughout the meal.','2025-11-29 00:15:10','2024-12-13 20:00:00'),(718,18,80,1,4,5,51000,'Lively atmosphere, good for group gatherings and parties.','2025-11-29 00:15:10','2024-12-12 21:00:00'),(719,19,87,8,2,5,54000,'Portions were slightly small for the price, but tasty.','2025-11-29 00:15:10','2024-12-11 22:00:00'),(720,20,94,5,5,4,29000,'Reservation is recommended. The place gets crowded quickly.','2025-11-29 00:15:10','2024-12-10 23:00:00'),(721,21,101,2,3,4,7000,'Excellent food and atmosphere! Will definitely come back.','2025-11-29 00:15:10','2024-12-09 00:00:00'),(722,22,108,9,1,4,9000,'Great place for special occasions. Service was impeccable.','2025-11-29 00:15:10','2024-12-08 01:00:00'),(723,23,115,6,4,3,11000,'Food was delicious and portions were generous.','2025-11-29 00:15:10','2024-12-07 02:00:00'),(724,24,122,3,2,3,13000,'Good value for money. Recommended for casual dining.','2025-11-29 00:15:10','2024-12-06 03:00:00'),(725,25,129,10,5,2,15000,'Perfect spot for a date. Romantic ambiance and cozy interior.','2025-11-29 00:15:10','2024-12-05 04:00:00'),(726,26,6,7,3,1,140000,'Family-friendly restaurant with a wide variety of dishes.','2025-11-29 00:15:10','2024-12-04 05:00:00'),(727,27,13,4,1,5,90000,'Quick service and tasty food. Ideal for lunch breaks.','2025-11-29 00:15:10','2024-12-03 06:00:00'),(728,28,20,1,4,5,100000,'Authentic flavors with traditional cooking style.','2025-11-29 00:15:10','2024-12-02 07:00:00'),(729,29,27,8,2,5,60000,'Modern twist on classic dishes. Very creative menu.','2025-11-29 00:15:10','2024-12-01 08:00:00'),(730,30,34,5,5,5,65000,'Cozy atmosphere, great for catching up with friends.','2025-11-29 00:15:10','2024-11-30 09:00:00'),(731,31,41,2,3,4,70000,'High quality ingredients. Worth the premium price.','2025-11-29 00:15:10','2025-11-29 10:00:00'),(732,32,48,9,1,4,75000,'Decent food but nothing extraordinary. Could be better.','2025-11-29 00:15:10','2025-11-28 11:00:00'),(733,33,55,6,4,4,36000,'Great for business meetings. Calm and professional setting.','2025-11-29 00:15:10','2025-11-27 12:00:00'),(734,34,62,3,2,3,39000,'Solo dining friendly. Comfortable seating and service.','2025-11-29 00:15:10','2025-11-26 13:00:00'),(735,35,69,10,5,3,42000,'Enjoyable experience overall. Would visit again.','2025-11-29 00:15:10','2025-11-25 14:00:00'),(736,36,76,7,3,2,45000,'Amazing desserts and coffee. Perfect afternoon spot.','2025-11-29 00:15:10','2025-11-24 15:00:00'),(737,37,83,4,1,1,48000,'Staff were very kind and attentive throughout the meal.','2025-11-29 00:15:10','2025-11-23 16:00:00'),(738,38,90,1,4,5,51000,'Lively atmosphere, good for group gatherings and parties.','2025-11-29 00:15:10','2025-11-22 17:00:00'),(739,39,97,8,2,5,19000,'Portions were slightly small for the price, but tasty.','2025-11-29 00:15:10','2025-11-21 18:00:00'),(740,40,104,5,5,5,21000,'Reservation is recommended. The place gets crowded quickly.','2025-11-29 00:15:10','2025-11-20 19:00:00'),(741,41,111,2,3,5,23000,'Excellent food and atmosphere! Will definitely come back.','2025-11-29 00:15:10','2025-11-19 20:00:00'),(742,42,118,9,1,4,25000,'Great place for special occasions. Service was impeccable.','2025-11-29 00:15:10','2025-11-18 21:00:00'),(743,43,125,6,4,4,27000,'Food was delicious and portions were generous.','2025-11-29 00:15:10','2025-11-17 22:00:00'),(744,44,2,3,2,4,140000,'Good value for money. Recommended for casual dining.','2025-11-29 00:15:10','2025-11-16 23:00:00'),(745,45,9,10,5,3,90000,'Perfect spot for a date. Romantic ambiance and cozy interior.','2025-11-29 00:15:10','2025-11-15 00:00:00'),(746,46,16,7,3,3,100000,'Family-friendly restaurant with a wide variety of dishes.','2025-11-29 00:15:10','2025-11-14 01:00:00'),(747,47,23,4,1,2,110000,'Quick service and tasty food. Ideal for lunch breaks.','2025-11-29 00:15:10','2025-11-13 02:00:00'),(748,48,30,1,4,1,75000,'Authentic flavors with traditional cooking style.','2025-11-29 00:15:10','2025-11-12 03:00:00'),(749,49,37,8,2,5,80000,'Modern twist on classic dishes. Very creative menu.','2025-11-29 00:15:10','2025-11-11 04:00:00'),(750,50,44,5,5,5,85000,'Cozy atmosphere, great for catching up with friends.','2025-11-29 00:15:10','2025-11-10 05:00:00'),(751,51,51,2,3,5,90000,'High quality ingredients. Worth the premium price.','2025-11-29 00:15:10','2025-11-09 06:00:00'),(752,52,58,9,1,5,33000,'Decent food but nothing extraordinary. Could be better.','2025-11-29 00:15:10','2025-11-08 07:00:00'),(753,53,65,6,4,4,36000,'Great for business meetings. Calm and professional setting.','2025-11-29 00:15:10','2025-11-07 08:00:00'),(754,54,72,3,2,4,39000,'Solo dining friendly. Comfortable seating and service.','2025-11-29 00:15:10','2025-11-06 09:00:00'),(755,55,79,10,5,4,42000,'Enjoyable experience overall. Would visit again.','2025-11-29 00:15:10','2025-11-05 10:00:00'),(756,56,86,7,3,3,45000,'Amazing desserts and coffee. Perfect afternoon spot.','2025-11-29 00:15:10','2025-11-04 11:00:00'),(757,57,93,4,1,3,7000,'Staff were very kind and attentive throughout the meal.','2025-11-29 00:15:10','2025-11-03 12:00:00'),(758,58,100,1,4,2,9000,'Lively atmosphere, good for group gatherings and parties.','2025-11-29 00:15:10','2025-11-02 13:00:00'),(759,59,107,8,2,1,11000,'Portions were slightly small for the price, but tasty.','2025-11-29 00:15:10','2025-11-01 14:00:00'),(760,60,114,5,5,5,13000,'Reservation is recommended. The place gets crowded quickly.','2025-11-29 00:15:10','2025-10-31 15:00:00'),(761,61,121,2,3,5,15000,'Excellent food and atmosphere! Will definitely come back.','2025-11-29 00:15:10','2025-10-30 16:00:00'),(762,62,128,9,1,5,17000,'Great place for special occasions. Service was impeccable.','2025-11-29 00:15:10','2025-10-29 17:00:00'),(763,63,5,6,4,5,90000,'Food was delicious and portions were generous.','2025-11-29 00:15:10','2025-10-28 18:00:00'),(764,64,12,3,2,4,100000,'Good value for money. Recommended for casual dining.','2025-11-29 00:15:10','2025-10-27 19:00:00'),(765,65,19,10,5,4,110000,'Perfect spot for a date. Romantic ambiance and cozy interior.','2025-11-29 00:15:10','2025-10-26 20:00:00'),(766,66,26,7,3,4,120000,'Family-friendly restaurant with a wide variety of dishes.','2025-11-29 00:15:10','2025-10-25 21:00:00'),(767,67,33,4,1,3,90000,'Quick service and tasty food. Ideal for lunch breaks.','2025-11-29 00:15:10','2025-10-24 22:00:00'),(768,68,40,1,4,3,95000,'Authentic flavors with traditional cooking style.','2025-11-29 00:15:10','2025-10-23 23:00:00'),(769,69,47,8,2,2,60000,'Modern twist on classic dishes. Very creative menu.','2025-11-29 00:15:10','2025-10-22 00:00:00'),(770,70,54,5,5,1,57000,'Cozy atmosphere, great for catching up with friends.','2025-11-29 00:15:10','2025-10-21 01:00:00'),(771,71,61,2,3,5,30000,'High quality ingredients. Worth the premium price.','2025-11-29 00:15:10','2025-10-20 02:00:00'),(772,72,68,9,1,5,33000,'Decent food but nothing extraordinary. Could be better.','2025-11-29 00:15:10','2025-10-19 03:00:00'),(773,73,75,6,4,5,36000,'Great for business meetings. Calm and professional setting.','2025-11-29 00:15:10','2025-10-18 04:00:00'),(774,74,82,3,2,5,39000,'Solo dining friendly. Comfortable seating and service.','2025-11-29 00:15:10','2025-10-17 05:00:00'),(775,75,89,10,5,4,42000,'Enjoyable experience overall. Would visit again.','2025-11-29 00:15:10','2025-10-16 06:00:00'),(776,76,96,7,3,4,21000,'Amazing desserts and coffee. Perfect afternoon spot.','2025-11-29 00:15:10','2025-10-15 07:00:00'),(777,77,103,4,1,4,23000,'Staff were very kind and attentive throughout the meal.','2025-11-29 00:15:10','2025-10-14 08:00:00'),(778,78,110,1,4,3,25000,'Lively atmosphere, good for group gatherings and parties.','2025-11-29 00:15:10','2025-10-13 09:00:00'),(779,79,117,8,2,3,27000,'Portions were slightly small for the price, but tasty.','2025-11-29 00:15:10','2025-10-12 10:00:00'),(780,80,124,5,5,2,29000,'Reservation is recommended. The place gets crowded quickly.','2025-11-29 00:15:10','2025-10-11 11:00:00'),(781,81,1,2,3,1,90000,'Excellent food and atmosphere! Will definitely come back.','2025-11-29 00:15:10','2025-10-10 12:00:00'),(782,82,8,9,1,5,100000,'Great place for special occasions. Service was impeccable.','2025-11-29 00:15:10','2025-10-09 13:00:00'),(783,83,15,6,4,5,110000,'Food was delicious and portions were generous.','2025-11-29 00:15:10','2025-10-08 14:00:00'),(784,84,22,3,2,5,120000,'Good value for money. Recommended for casual dining.','2025-11-29 00:15:10','2025-10-07 15:00:00'),(785,85,29,10,5,5,60000,'Perfect spot for a date. Romantic ambiance and cozy interior.','2025-11-29 00:15:10','2025-10-06 16:00:00'),(786,86,36,7,3,4,65000,'Family-friendly restaurant with a wide variety of dishes.','2025-11-29 00:15:10','2025-10-05 17:00:00'),(787,87,43,4,1,4,70000,'Quick service and tasty food. Ideal for lunch breaks.','2025-11-29 00:15:10','2025-10-04 18:00:00'),(788,88,50,1,4,4,75000,'Authentic flavors with traditional cooking style.','2025-11-29 00:15:10','2025-10-03 19:00:00'),(789,89,57,8,2,3,54000,'Modern twist on classic dishes. Very creative menu.','2025-11-29 00:15:10','2025-10-02 20:00:00'),(790,90,64,5,5,3,57000,'Cozy atmosphere, great for catching up with friends.','2025-11-29 00:15:10','2025-10-01 21:00:00'),(791,91,71,2,3,2,30000,'High quality ingredients. Worth the premium price.','2025-11-29 00:15:10','2025-09-30 22:00:00'),(792,92,78,9,1,1,33000,'Decent food but nothing extraordinary. Could be better.','2025-11-29 00:15:10','2025-09-29 23:00:00'),(793,93,85,6,4,5,36000,'Great for business meetings. Calm and professional setting.','2025-11-29 00:15:10','2025-09-28 00:00:00'),(794,94,92,3,2,5,9000,'Solo dining friendly. Comfortable seating and service.','2025-11-29 00:15:10','2025-09-27 01:00:00'),(795,95,99,10,5,5,11000,'Enjoyable experience overall. Would visit again.','2025-11-29 00:15:10','2025-09-26 02:00:00'),(796,96,106,7,3,5,13000,'Amazing desserts and coffee. Perfect afternoon spot.','2025-11-29 00:15:10','2025-09-25 03:00:00'),(797,97,113,4,1,4,15000,'Staff were very kind and attentive throughout the meal.','2025-11-29 00:15:10','2025-09-24 04:00:00'),(798,98,120,1,4,4,17000,'Lively atmosphere, good for group gatherings and parties.','2025-11-29 00:15:10','2025-09-23 05:00:00'),(799,99,127,8,2,4,19000,'Portions were slightly small for the price, but tasty.','2025-11-29 00:15:10','2025-09-22 06:00:00'),(800,100,4,5,5,3,100000,'Reservation is recommended. The place gets crowded quickly.','2025-11-29 00:15:10','2025-09-21 07:00:00'),(801,1,11,2,3,3,110000,'Excellent food and atmosphere! Will definitely come back.','2025-11-29 00:15:10','2025-09-20 08:00:00'),(802,2,18,9,1,2,120000,'Great place for special occasions. Service was impeccable.','2025-11-29 00:15:10','2025-09-19 09:00:00'),(803,3,25,6,4,1,130000,'Food was delicious and portions were generous.','2025-11-29 00:15:10','2025-09-18 10:00:00'),(804,4,32,3,2,5,75000,'Good value for money. Recommended for casual dining.','2025-11-29 00:15:10','2025-09-17 11:00:00'),(805,5,39,10,5,5,80000,'Perfect spot for a date. Romantic ambiance and cozy interior.','2025-11-29 00:15:10','2025-09-16 12:00:00'),(806,6,46,7,3,5,85000,'Family-friendly restaurant with a wide variety of dishes.','2025-11-29 00:15:10','2025-09-15 13:00:00'),(807,7,53,4,1,5,48000,'Quick service and tasty food. Ideal for lunch breaks.','2025-11-29 00:15:10','2025-09-14 14:00:00'),(808,8,60,1,4,4,51000,'Authentic flavors with traditional cooking style.','2025-11-29 00:15:10','2025-09-13 15:00:00'),(809,9,67,8,2,4,54000,'Modern twist on classic dishes. Very creative menu.','2025-11-29 00:15:10','2025-09-12 16:00:00'),(810,10,74,5,5,4,57000,'Cozy atmosphere, great for catching up with friends.','2025-11-29 00:15:10','2025-09-11 17:00:00'),(811,11,81,2,3,3,30000,'High quality ingredients. Worth the premium price.','2025-11-29 00:15:10','2025-09-10 18:00:00'),(812,12,88,9,1,3,33000,'Decent food but nothing extraordinary. Could be better.','2025-11-29 00:15:10','2025-09-09 19:00:00'),(813,13,95,6,4,2,23000,'Great for business meetings. Calm and professional setting.','2025-11-29 00:15:10','2025-09-08 20:00:00'),(814,14,102,3,2,1,25000,'Solo dining friendly. Comfortable seating and service.','2025-11-29 00:15:10','2025-09-07 21:00:00'),(815,15,109,10,5,5,27000,'Enjoyable experience overall. Would visit again.','2025-11-29 00:15:10','2025-09-06 22:00:00'),(816,16,116,7,3,5,29000,'Amazing desserts and coffee. Perfect afternoon spot.','2025-11-29 00:15:10','2025-09-05 23:00:00'),(817,17,123,4,1,5,7000,'Staff were very kind and attentive throughout the meal.','2025-11-29 00:15:10','2025-09-04 00:00:00'),(818,18,130,1,4,5,9000,'Lively atmosphere, good for group gatherings and parties.','2025-11-29 00:15:10','2025-09-03 01:00:00'),(819,19,7,8,2,4,110000,'Portions were slightly small for the price, but tasty.','2025-11-29 00:15:10','2025-09-02 02:00:00'),(820,20,14,5,5,4,120000,'Reservation is recommended. The place gets crowded quickly.','2025-11-29 00:15:10','2025-09-01 03:00:00'),(821,21,21,2,3,4,130000,'Excellent food and atmosphere! Will definitely come back.','2025-11-29 00:15:10','2025-08-31 04:00:00'),(822,22,28,9,1,3,85000,'Great place for special occasions. Service was impeccable.','2025-11-29 00:15:10','2025-08-30 05:00:00'),(823,23,35,6,4,3,90000,'Food was delicious and portions were generous.','2025-11-29 00:15:10','2025-08-29 06:00:00'),(824,24,42,3,2,2,95000,'Good value for money. Recommended for casual dining.','2025-11-29 00:15:10','2025-08-28 07:00:00'),(825,25,49,10,5,1,60000,'Perfect spot for a date. Romantic ambiance and cozy interior.','2025-11-29 00:15:10','2025-08-27 08:00:00'),(826,26,56,7,3,5,45000,'Family-friendly restaurant with a wide variety of dishes.','2025-11-29 00:15:10','2025-08-26 09:00:00'),(827,27,63,4,1,5,48000,'Quick service and tasty food. Ideal for lunch breaks.','2025-11-29 00:15:10','2025-08-25 10:00:00'),(828,28,70,1,4,5,51000,'Authentic flavors with traditional cooking style.','2025-11-29 00:15:10','2025-08-24 11:00:00'),(829,29,77,8,2,5,54000,'Modern twist on classic dishes. Very creative menu.','2025-11-29 00:15:10','2025-08-23 12:00:00'),(830,30,84,5,5,4,57000,'Cozy atmosphere, great for catching up with friends.','2025-11-29 00:15:10','2025-08-22 13:00:00'),(831,31,91,2,3,4,30000,'High quality ingredients. Worth the premium price.','2025-11-29 00:15:10','2025-08-21 14:00:00'),(832,32,98,9,1,4,13000,'Decent food but nothing extraordinary. Could be better.','2025-11-29 00:15:10','2025-08-20 15:00:00'),(833,33,105,6,4,3,15000,'Great for business meetings. Calm and professional setting.','2025-11-29 00:15:10','2025-08-19 16:00:00'),(834,34,112,3,2,3,17000,'Solo dining friendly. Comfortable seating and service.','2025-11-29 00:15:10','2025-08-18 17:00:00'),(835,35,119,10,5,2,19000,'Enjoyable experience overall. Would visit again.','2025-11-29 00:15:10','2025-08-17 18:00:00'),(836,36,126,7,3,1,21000,'Amazing desserts and coffee. Perfect afternoon spot.','2025-11-29 00:15:10','2025-08-16 19:00:00'),(837,37,3,4,1,5,110000,'Staff were very kind and attentive throughout the meal.','2025-11-29 00:15:10','2025-08-15 20:00:00'),(838,38,10,1,4,5,120000,'Lively atmosphere, good for group gatherings and parties.','2025-11-29 00:15:10','2025-08-14 21:00:00'),(839,39,17,8,2,5,130000,'Portions were slightly small for the price, but tasty.','2025-11-29 00:15:10','2025-08-13 22:00:00'),(840,40,24,5,5,5,140000,'Reservation is recommended. The place gets crowded quickly.','2025-11-29 00:15:10','2025-08-12 23:00:00'),(841,41,31,2,3,4,60000,'Excellent food and atmosphere! Will definitely come back.','2025-11-29 00:15:10','2025-08-11 00:00:00'),(842,42,38,9,1,4,65000,'Great place for special occasions. Service was impeccable.','2025-11-29 00:15:10','2025-08-10 01:00:00'),(843,43,45,6,4,4,70000,'Food was delicious and portions were generous.','2025-11-29 00:15:10','2025-08-09 02:00:00'),(844,44,52,3,2,3,75000,'Good value for money. Recommended for casual dining.','2025-11-29 00:15:10','2025-08-08 03:00:00'),(845,45,59,10,5,3,42000,'Perfect spot for a date. Romantic ambiance and cozy interior.','2025-11-29 00:15:10','2025-08-07 04:00:00'),(846,46,66,7,3,2,45000,'Family-friendly restaurant with a wide variety of dishes.','2025-11-29 00:15:10','2025-08-06 05:00:00'),(847,47,73,4,1,1,48000,'Quick service and tasty food. Ideal for lunch breaks.','2025-11-29 00:15:10','2025-08-05 06:00:00'),(848,48,80,1,4,5,51000,'Authentic flavors with traditional cooking style.','2025-11-29 00:15:10','2025-08-04 07:00:00'),(849,49,87,8,2,5,54000,'Modern twist on classic dishes. Very creative menu.','2025-11-29 00:15:10','2025-08-03 08:00:00'),(850,50,94,5,5,5,25000,'Cozy atmosphere, great for catching up with friends.','2025-11-29 00:15:10','2025-08-02 09:00:00'),(851,51,101,2,3,5,27000,'High quality ingredients. Worth the premium price.','2025-11-29 00:15:10','2025-08-01 10:00:00'),(852,52,108,9,1,4,29000,'Decent food but nothing extraordinary. Could be better.','2025-11-29 00:15:10','2025-07-31 11:00:00'),(853,53,115,6,4,4,7000,'Great for business meetings. Calm and professional setting.','2025-11-29 00:15:10','2025-07-30 12:00:00'),(854,54,122,3,2,4,9000,'Solo dining friendly. Comfortable seating and service.','2025-11-29 00:15:10','2025-07-29 13:00:00'),(855,55,129,10,5,3,11000,'Enjoyable experience overall. Would visit again.','2025-11-29 00:15:10','2025-07-28 14:00:00'),(856,56,6,7,3,3,120000,'Amazing desserts and coffee. Perfect afternoon spot.','2025-11-29 00:15:10','2025-07-27 15:00:00'),(857,57,13,4,1,2,130000,'Staff were very kind and attentive throughout the meal.','2025-11-29 00:15:10','2025-07-26 16:00:00'),(858,58,20,1,4,1,140000,'Lively atmosphere, good for group gatherings and parties.','2025-11-29 00:15:10','2025-07-25 17:00:00'),(859,59,27,8,2,5,70000,'Portions were slightly small for the price, but tasty.','2025-11-29 00:15:10','2025-07-24 18:00:00'),(860,60,34,5,5,5,75000,'Reservation is recommended. The place gets crowded quickly.','2025-11-29 00:15:10','2025-07-23 19:00:00'),(861,61,41,2,3,5,80000,'Excellent food and atmosphere! Will definitely come back.','2025-11-29 00:15:10','2025-07-22 20:00:00'),(862,62,48,9,1,5,85000,'Great place for special occasions. Service was impeccable.','2025-11-29 00:15:10','2025-07-21 21:00:00'),(863,63,55,6,4,4,36000,'Food was delicious and portions were generous.','2025-11-29 00:15:10','2025-07-20 22:00:00'),(864,64,62,3,2,4,39000,'Good value for money. Recommended for casual dining.','2025-11-29 00:15:10','2025-07-19 23:00:00'),(865,65,69,10,5,4,42000,'Perfect spot for a date. Romantic ambiance and cozy interior.','2025-11-29 00:15:10','2025-07-18 00:00:00'),(866,66,76,7,3,3,45000,'Family-friendly restaurant with a wide variety of dishes.','2025-11-29 00:15:10','2025-07-17 01:00:00'),(867,67,83,4,1,3,48000,'Quick service and tasty food. Ideal for lunch breaks.','2025-11-29 00:15:10','2025-07-16 02:00:00'),(868,68,90,1,4,2,51000,'Authentic flavors with traditional cooking style.','2025-11-29 00:15:10','2025-07-15 03:00:00'),(869,69,97,8,2,1,15000,'Modern twist on classic dishes. Very creative menu.','2025-11-29 00:15:10','2025-07-14 04:00:00'),(870,70,104,5,5,5,17000,'Cozy atmosphere, great for catching up with friends.','2025-11-29 00:15:10','2025-07-13 05:00:00'),(871,71,111,2,3,5,19000,'High quality ingredients. Worth the premium price.','2025-11-29 00:15:10','2025-07-12 06:00:00'),(872,72,118,9,1,5,21000,'Decent food but nothing extraordinary. Could be better.','2025-11-29 00:15:10','2025-07-11 07:00:00'),(873,73,125,6,4,5,23000,'Great for business meetings. Calm and professional setting.','2025-11-29 00:15:10','2025-07-10 08:00:00'),(874,74,2,3,2,4,120000,'Solo dining friendly. Comfortable seating and service.','2025-11-29 00:15:10','2025-07-09 09:00:00'),(875,75,9,10,5,4,130000,'Enjoyable experience overall. Would visit again.','2025-11-29 00:15:10','2025-07-08 10:00:00'),(876,76,16,7,3,4,140000,'Amazing desserts and coffee. Perfect afternoon spot.','2025-11-29 00:15:10','2025-07-07 11:00:00'),(877,77,23,4,1,3,90000,'Staff were very kind and attentive throughout the meal.','2025-11-29 00:15:10','2025-07-06 12:00:00'),(878,78,30,1,4,3,85000,'Lively atmosphere, good for group gatherings and parties.','2025-11-29 00:15:10','2025-07-05 13:00:00'),(879,79,37,8,2,2,90000,'Portions were slightly small for the price, but tasty.','2025-11-29 00:15:10','2025-07-04 14:00:00'),(880,80,44,5,5,1,95000,'Reservation is recommended. The place gets crowded quickly.','2025-11-29 00:15:10','2025-07-03 15:00:00'),(881,81,51,2,3,5,60000,'Excellent food and atmosphere! Will definitely come back.','2025-11-29 00:15:10','2025-07-02 16:00:00'),(882,82,58,9,1,5,33000,'Great place for special occasions. Service was impeccable.','2025-11-29 00:15:10','2025-07-01 17:00:00'),(883,83,65,6,4,5,36000,'Food was delicious and portions were generous.','2025-11-29 00:15:10','2025-06-30 18:00:00'),(884,84,72,3,2,5,39000,'Good value for money. Recommended for casual dining.','2025-11-29 00:15:10','2025-06-29 19:00:00'),(885,85,79,10,5,4,42000,'Perfect spot for a date. Romantic ambiance and cozy interior.','2025-11-29 00:15:10','2025-06-28 20:00:00'),(886,86,86,7,3,4,45000,'Family-friendly restaurant with a wide variety of dishes.','2025-11-29 00:15:10','2025-06-27 21:00:00'),(887,87,93,4,1,4,27000,'Quick service and tasty food. Ideal for lunch breaks.','2025-11-29 00:15:10','2025-06-26 22:00:00'),(888,88,100,1,4,3,29000,'Authentic flavors with traditional cooking style.','2025-11-29 00:15:10','2025-06-25 23:00:00'),(889,89,107,8,2,3,7000,'Modern twist on classic dishes. Very creative menu.','2025-11-29 00:15:10','2025-06-24 00:00:00'),(890,90,114,5,5,2,9000,'Cozy atmosphere, great for catching up with friends.','2025-11-29 00:15:10','2025-06-23 01:00:00'),(891,91,121,2,3,1,11000,'High quality ingredients. Worth the premium price.','2025-11-29 00:15:10','2025-06-22 02:00:00'),(892,92,128,9,1,5,13000,'Decent food but nothing extraordinary. Could be better.','2025-11-29 00:15:10','2025-06-21 03:00:00'),(893,93,5,6,4,5,130000,'Great for business meetings. Calm and professional setting.','2025-11-29 00:15:10','2025-06-20 04:00:00'),(894,94,12,3,2,5,140000,'Solo dining friendly. Comfortable seating and service.','2025-11-29 00:15:10','2025-06-19 05:00:00'),(895,95,19,10,5,5,90000,'Enjoyable experience overall. Would visit again.','2025-11-29 00:15:10','2025-06-18 06:00:00'),(896,96,26,7,3,4,100000,'Amazing desserts and coffee. Perfect afternoon spot.','2025-11-29 00:15:10','2025-06-17 07:00:00'),(897,97,33,4,1,4,60000,'Staff were very kind and attentive throughout the meal.','2025-11-29 00:15:10','2025-06-16 08:00:00'),(898,98,40,1,4,4,65000,'Lively atmosphere, good for group gatherings and parties.','2025-11-29 00:15:10','2025-06-15 09:00:00'),(899,99,47,8,2,3,70000,'Portions were slightly small for the price, but tasty.','2025-11-29 00:15:10','2025-06-14 10:00:00'),(900,100,54,5,5,3,57000,'Reservation is recommended. The place gets crowded quickly.','2025-11-29 00:15:10','2025-06-13 11:00:00'),(901,1,61,2,3,2,30000,'Excellent food and atmosphere! Will definitely come back.','2025-11-29 00:15:10','2025-06-12 12:00:00'),(902,2,68,9,1,1,33000,'Great place for special occasions. Service was impeccable.','2025-11-29 00:15:10','2025-06-11 13:00:00'),(903,3,75,6,4,5,36000,'Food was delicious and portions were generous.','2025-11-29 00:15:10','2025-06-10 14:00:00'),(904,4,82,3,2,5,39000,'Good value for money. Recommended for casual dining.','2025-11-29 00:15:10','2025-06-09 15:00:00'),(905,5,89,10,5,5,42000,'Perfect spot for a date. Romantic ambiance and cozy interior.','2025-11-29 00:15:10','2025-06-08 16:00:00'),(906,6,96,7,3,5,17000,'Family-friendly restaurant with a wide variety of dishes.','2025-11-29 00:15:10','2025-06-07 17:00:00'),(907,7,103,4,1,4,19000,'Quick service and tasty food. Ideal for lunch breaks.','2025-11-29 00:15:10','2025-06-06 18:00:00'),(908,8,110,1,4,4,21000,'Authentic flavors with traditional cooking style.','2025-11-29 00:15:10','2025-06-05 19:00:00'),(909,9,117,8,2,4,23000,'Modern twist on classic dishes. Very creative menu.','2025-11-29 00:15:10','2025-06-04 20:00:00'),(910,10,124,5,5,3,25000,'Cozy atmosphere, great for catching up with friends.','2025-11-29 00:15:10','2025-06-03 21:00:00'),(911,11,1,2,3,3,130000,'High quality ingredients. Worth the premium price.','2025-11-29 00:15:10','2025-06-02 22:00:00'),(912,12,8,9,1,2,140000,'Decent food but nothing extraordinary. Could be better.','2025-11-29 00:15:10','2025-06-01 23:00:00'),(913,13,15,6,4,1,90000,'Great for business meetings. Calm and professional setting.','2025-11-29 00:15:10','2025-05-31 00:00:00'),(914,14,22,3,2,5,100000,'Solo dining friendly. Comfortable seating and service.','2025-11-29 00:15:10','2025-05-30 01:00:00'),(915,15,29,10,5,5,70000,'Enjoyable experience overall. Would visit again.','2025-11-29 00:15:10','2025-05-29 02:00:00'),(916,16,36,7,3,5,75000,'Amazing desserts and coffee. Perfect afternoon spot.','2025-11-29 00:15:10','2025-05-28 03:00:00'),(917,17,43,4,1,5,80000,'Staff were very kind and attentive throughout the meal.','2025-11-29 00:15:10','2025-05-27 04:00:00'),(918,18,50,1,4,4,85000,'Lively atmosphere, good for group gatherings and parties.','2025-11-29 00:15:10','2025-05-26 05:00:00'),(919,19,57,8,2,4,54000,'Portions were slightly small for the price, but tasty.','2025-11-29 00:15:10','2025-05-25 06:00:00'),(920,20,64,5,5,4,57000,'Reservation is recommended. The place gets crowded quickly.','2025-11-29 00:15:10','2025-05-24 07:00:00'),(921,21,71,2,3,3,30000,'Excellent food and atmosphere! Will definitely come back.','2025-11-29 00:15:10','2025-05-23 08:00:00'),(922,22,78,9,1,3,33000,'Great place for special occasions. Service was impeccable.','2025-11-29 00:15:10','2025-05-22 09:00:00'),(923,23,85,6,4,2,36000,'Food was delicious and portions were generous.','2025-11-29 00:15:10','2025-05-21 10:00:00'),(924,24,92,3,2,1,29000,'Good value for money. Recommended for casual dining.','2025-11-29 00:15:10','2025-05-20 11:00:00'),(925,25,99,10,5,5,7000,'Perfect spot for a date. Romantic ambiance and cozy interior.','2025-11-29 00:15:10','2025-05-19 12:00:00'),(926,26,106,7,3,5,9000,'Family-friendly restaurant with a wide variety of dishes.','2025-11-29 00:15:10','2025-05-18 13:00:00'),(927,27,113,4,1,5,11000,'Quick service and tasty food. Ideal for lunch breaks.','2025-11-29 00:15:10','2025-05-17 14:00:00'),(928,28,120,1,4,5,13000,'Authentic flavors with traditional cooking style.','2025-11-29 00:15:10','2025-05-16 15:00:00'),(929,29,127,8,2,4,15000,'Modern twist on classic dishes. Very creative menu.','2025-11-29 00:15:10','2025-05-15 16:00:00'),(930,30,4,5,5,4,140000,'Cozy atmosphere, great for catching up with friends.','2025-11-29 00:15:10','2025-05-14 17:00:00'),(931,31,11,2,3,4,90000,'High quality ingredients. Worth the premium price.','2025-11-29 00:15:10','2025-05-13 18:00:00'),(932,32,18,9,1,3,100000,'Decent food but nothing extraordinary. Could be better.','2025-11-29 00:15:10','2025-05-12 19:00:00'),(933,33,25,6,4,3,110000,'Great for business meetings. Calm and professional setting.','2025-11-29 00:15:10','2025-05-11 20:00:00'),(934,34,32,3,2,2,85000,'Solo dining friendly. Comfortable seating and service.','2025-11-29 00:15:10','2025-05-10 21:00:00'),(935,35,39,10,5,1,90000,'Enjoyable experience overall. Would visit again.','2025-11-29 00:15:10','2025-05-09 22:00:00'),(936,36,46,7,3,5,95000,'Amazing desserts and coffee. Perfect afternoon spot.','2025-11-29 00:15:10','2025-05-08 23:00:00'),(937,37,53,4,1,5,48000,'Staff were very kind and attentive throughout the meal.','2025-11-29 00:15:10','2025-05-07 00:00:00'),(938,38,60,1,4,5,51000,'Lively atmosphere, good for group gatherings and parties.','2025-11-29 00:15:10','2025-05-06 01:00:00'),(939,39,67,8,2,5,54000,'Portions were slightly small for the price, but tasty.','2025-11-29 00:15:10','2025-05-05 02:00:00'),(940,40,74,5,5,4,57000,'Reservation is recommended. The place gets crowded quickly.','2025-11-29 00:15:10','2025-05-04 03:00:00'),(941,41,81,2,3,4,30000,'Excellent food and atmosphere! Will definitely come back.','2025-11-29 00:15:10','2025-05-03 04:00:00'),(942,42,88,9,1,4,33000,'Great place for special occasions. Service was impeccable.','2025-11-29 00:15:10','2025-05-02 05:00:00'),(943,43,95,6,4,3,19000,'Food was delicious and portions were generous.','2025-11-29 00:15:10','2025-05-01 06:00:00'),(944,44,102,3,2,3,21000,'Good value for money. Recommended for casual dining.','2025-11-29 00:15:10','2025-04-30 07:00:00'),(945,45,109,10,5,2,23000,'Perfect spot for a date. Romantic ambiance and cozy interior.','2025-11-29 00:15:10','2025-04-29 08:00:00'),(946,46,116,7,3,1,25000,'Family-friendly restaurant with a wide variety of dishes.','2025-11-29 00:15:10','2025-04-28 09:00:00'),(947,47,123,4,1,5,27000,'Quick service and tasty food. Ideal for lunch breaks.','2025-11-29 00:15:10','2025-04-27 10:00:00'),(948,48,130,1,4,5,29000,'Authentic flavors with traditional cooking style.','2025-11-29 00:15:10','2025-04-26 11:00:00'),(949,49,7,8,2,5,90000,'Modern twist on classic dishes. Very creative menu.','2025-11-29 00:15:10','2025-04-25 12:00:00'),(950,50,14,5,5,5,100000,'Cozy atmosphere, great for catching up with friends.','2025-11-29 00:15:10','2025-04-24 13:00:00'),(951,51,21,2,3,4,110000,'High quality ingredients. Worth the premium price.','2025-11-29 00:15:10','2025-04-23 14:00:00'),(952,52,28,9,1,4,95000,'Decent food but nothing extraordinary. Could be better.','2025-11-29 00:15:10','2025-04-22 15:00:00'),(953,53,35,6,4,4,60000,'Great for business meetings. Calm and professional setting.','2025-11-29 00:15:10','2025-04-21 16:00:00'),(954,54,42,3,2,3,65000,'Solo dining friendly. Comfortable seating and service.','2025-11-29 00:15:10','2025-04-20 17:00:00'),(955,55,49,10,5,3,70000,'Enjoyable experience overall. Would visit again.','2025-11-29 00:15:10','2025-04-19 18:00:00'),(956,56,56,7,3,2,45000,'Amazing desserts and coffee. Perfect afternoon spot.','2025-11-29 00:15:10','2025-04-18 19:00:00'),(957,57,63,4,1,1,48000,'Staff were very kind and attentive throughout the meal.','2025-11-29 00:15:10','2025-04-17 20:00:00'),(958,58,70,1,4,5,51000,'Lively atmosphere, good for group gatherings and parties.','2025-11-29 00:15:10','2025-04-16 21:00:00'),(959,59,77,8,2,5,54000,'Portions were slightly small for the price, but tasty.','2025-11-29 00:15:10','2025-04-15 22:00:00'),(960,60,84,5,5,5,57000,'Reservation is recommended. The place gets crowded quickly.','2025-11-29 00:15:10','2025-04-14 23:00:00'),(961,61,91,2,3,5,30000,'Excellent food and atmosphere! Will definitely come back.','2025-11-29 00:15:10','2025-04-13 00:00:00'),(962,62,98,9,1,4,9000,'Great place for special occasions. Service was impeccable.','2025-11-29 00:15:10','2025-04-12 01:00:00'),(963,63,105,6,4,4,11000,'Food was delicious and portions were generous.','2025-11-29 00:15:10','2025-04-11 02:00:00'),(964,64,112,3,2,4,13000,'Good value for money. Recommended for casual dining.','2025-11-29 00:15:10','2025-04-10 03:00:00'),(965,65,119,10,5,3,15000,'Perfect spot for a date. Romantic ambiance and cozy interior.','2025-11-29 00:15:10','2025-04-09 04:00:00'),(966,66,126,7,3,3,17000,'Family-friendly restaurant with a wide variety of dishes.','2025-11-29 00:15:10','2025-04-08 05:00:00'),(967,67,3,4,1,2,90000,'Quick service and tasty food. Ideal for lunch breaks.','2025-11-29 00:15:10','2025-04-07 06:00:00'),(968,68,10,1,4,1,100000,'Authentic flavors with traditional cooking style.','2025-11-29 00:15:10','2025-04-06 07:00:00'),(969,69,17,8,2,5,110000,'Modern twist on classic dishes. Very creative menu.','2025-11-29 00:15:10','2025-04-05 08:00:00'),(970,70,24,5,5,5,120000,'Cozy atmosphere, great for catching up with friends.','2025-11-29 00:15:10','2025-04-04 09:00:00'),(971,71,31,2,3,5,70000,'High quality ingredients. Worth the premium price.','2025-11-29 00:15:10','2025-04-03 10:00:00'),(972,72,38,9,1,5,75000,'Decent food but nothing extraordinary. Could be better.','2025-11-29 00:15:10','2025-04-02 11:00:00'),(973,73,45,6,4,4,80000,'Great for business meetings. Calm and professional setting.','2025-11-29 00:15:10','2025-04-01 12:00:00'),(974,74,52,3,2,4,85000,'Solo dining friendly. Comfortable seating and service.','2025-11-29 00:15:10','2025-03-31 13:00:00'),(975,75,59,10,5,4,42000,'Enjoyable experience overall. Would visit again.','2025-11-29 00:15:10','2025-03-30 14:00:00'),(976,76,66,7,3,3,45000,'Amazing desserts and coffee. Perfect afternoon spot.','2025-11-29 00:15:10','2025-03-29 15:00:00'),(977,77,73,4,1,3,48000,'Staff were very kind and attentive throughout the meal.','2025-11-29 00:15:10','2025-03-28 16:00:00'),(978,78,80,1,4,2,51000,'Lively atmosphere, good for group gatherings and parties.','2025-11-29 00:15:10','2025-03-27 17:00:00'),(979,79,87,8,2,1,54000,'Portions were slightly small for the price, but tasty.','2025-11-29 00:15:10','2025-03-26 18:00:00'),(980,80,94,5,5,5,21000,'Reservation is recommended. The place gets crowded quickly.','2025-11-29 00:15:10','2025-03-25 19:00:00'),(981,81,101,2,3,5,23000,'Excellent food and atmosphere! Will definitely come back.','2025-11-29 00:15:10','2025-03-24 20:00:00'),(982,82,108,9,1,5,25000,'Great place for special occasions. Service was impeccable.','2025-11-29 00:15:10','2025-03-23 21:00:00'),(983,83,115,6,4,5,27000,'Food was delicious and portions were generous.','2025-11-29 00:15:10','2025-03-22 22:00:00'),(984,84,122,3,2,4,29000,'Good value for money. Recommended for casual dining.','2025-11-29 00:15:10','2025-03-21 23:00:00'),(985,85,129,10,5,4,7000,'Perfect spot for a date. Romantic ambiance and cozy interior.','2025-11-29 00:15:10','2025-03-20 00:00:00'),(986,86,6,7,3,4,100000,'Family-friendly restaurant with a wide variety of dishes.','2025-11-29 00:15:10','2025-03-19 01:00:00'),(987,87,13,4,1,3,110000,'Quick service and tasty food. Ideal for lunch breaks.','2025-11-29 00:15:10','2025-03-18 02:00:00'),(988,88,20,1,4,3,120000,'Authentic flavors with traditional cooking style.','2025-11-29 00:15:10','2025-03-17 03:00:00'),(989,89,27,8,2,2,80000,'Modern twist on classic dishes. Very creative menu.','2025-11-29 00:15:10','2025-03-16 04:00:00'),(990,90,34,5,5,1,85000,'Cozy atmosphere, great for catching up with friends.','2025-11-29 00:15:10','2025-03-15 05:00:00'),(991,91,41,2,3,5,90000,'High quality ingredients. Worth the premium price.','2025-11-29 00:15:10','2025-03-14 06:00:00'),(992,92,48,9,1,5,95000,'Decent food but nothing extraordinary. Could be better.','2025-11-29 00:15:10','2025-03-13 07:00:00'),(993,93,55,6,4,5,36000,'Great for business meetings. Calm and professional setting.','2025-11-29 00:15:10','2025-03-12 08:00:00'),(994,94,62,3,2,5,39000,'Solo dining friendly. Comfortable seating and service.','2025-11-29 00:15:10','2025-03-11 09:00:00'),(995,95,69,10,5,4,42000,'Enjoyable experience overall. Would visit again.','2025-11-29 00:15:10','2025-03-10 10:00:00'),(996,96,76,7,3,4,45000,'Amazing desserts and coffee. Perfect afternoon spot.','2025-11-29 00:15:10','2025-03-09 11:00:00'),(997,97,83,4,1,4,48000,'Staff were very kind and attentive throughout the meal.','2025-11-29 00:15:10','2025-03-08 12:00:00'),(998,98,90,1,4,3,51000,'Lively atmosphere, good for group gatherings and parties.','2025-11-29 00:15:10','2025-03-07 13:00:00'),(999,99,97,8,2,3,11000,'Portions were slightly small for the price, but tasty.','2025-11-29 00:15:10','2025-03-06 14:00:00'),(1000,100,104,5,5,2,13000,'Reservation is recommended. The place gets crowded quickly.','2025-11-29 00:15:10','2025-03-05 15:00:00');
/*!40000 ALTER TABLE `reviews` ENABLE KEYS */;
UNLOCK TABLES;

--
-- Table structure for table `time_slots`
--

DROP TABLE IF EXISTS `time_slots`;
/*!40101 SET @saved_cs_client     = @@character_set_client */;
/*!40101 SET character_set_client = utf8 */;
CREATE TABLE `time_slots` (
  `time_slot_id` int(11) NOT NULL AUTO_INCREMENT,
  `time_of_day` enum('breakfast','lunch','afternoon','dinner','late_night') NOT NULL,
  PRIMARY KEY (`time_slot_id`),
  UNIQUE KEY `time_of_day` (`time_of_day`)
) ENGINE=InnoDB AUTO_INCREMENT=6 DEFAULT CHARSET=utf8mb4 COLLATE=utf8mb4_unicode_ci;
/*!40101 SET character_set_client = @saved_cs_client */;

--
-- Dumping data for table `time_slots`
--

LOCK TABLES `time_slots` WRITE;
/*!40000 ALTER TABLE `time_slots` DISABLE KEYS */;
INSERT INTO `time_slots` VALUES (1,'breakfast'),(2,'lunch'),(3,'afternoon'),(4,'dinner'),(5,'late_night');
/*!40000 ALTER TABLE `time_slots` ENABLE KEYS */;
UNLOCK TABLES;

--
-- Table structure for table `users`
--

DROP TABLE IF EXISTS `users`;
/*!40101 SET @saved_cs_client     = @@character_set_client */;
/*!40101 SET character_set_client = utf8 */;
CREATE TABLE `users` (
  `user_id` int(11) NOT NULL AUTO_INCREMENT,
  `username` varchar(50) NOT NULL,
  `password` varchar(255) NOT NULL,
  `gender` enum('M','F','O') DEFAULT NULL,
  `birth_year` int(11) DEFAULT NULL,
  `created_at` datetime DEFAULT current_timestamp(),
  PRIMARY KEY (`user_id`),
  UNIQUE KEY `username` (`username`)
) ENGINE=InnoDB AUTO_INCREMENT=101 DEFAULT CHARSET=utf8mb4 COLLATE=utf8mb4_unicode_ci;
/*!40101 SET character_set_client = @saved_cs_client */;

--
-- Dumping data for table `users`
--

LOCK TABLES `users` WRITE;
/*!40000 ALTER TABLE `users` DISABLE KEYS */;
INSERT INTO `users` VALUES (1,'kim_minjun','$2y$10$abcdefghijklmnopqrstuvwxyz123456789','M',1995,'2025-11-29 00:15:10'),(2,'lee_seoyeon','$2y$10$abcdefghijklmnopqrstuvwxyz123456789','F',1988,'2025-11-29 00:15:10'),(3,'park_jihoon','$2y$10$abcdefghijklmnopqrstuvwxyz123456789','M',2002,'2025-11-29 00:15:10'),(4,'choi_yuna','$2y$10$abcdefghijklmnopqrstuvwxyz123456789','F',1975,'2025-11-29 00:15:10'),(5,'jung_siwoo','$2y$10$abcdefghijklmnopqrstuvwxyz123456789','M',1991,'2025-11-29 00:15:10'),(6,'kang_sooah','$2y$10$abcdefghijklmnopqrstuvwxyz123456789','F',1998,'2025-11-29 00:15:10'),(7,'yoon_jiwon','$2y$10$abcdefghijklmnopqrstuvwxyz123456789','F',1985,'2025-11-29 00:15:10'),(8,'jang_hyunwoo','$2y$10$abcdefghijklmnopqrstuvwxyz123456789','M',1968,'2025-11-29 00:15:10'),(9,'lim_chaeyoung','$2y$10$abcdefghijklmnopqrstuvwxyz123456789','F',2005,'2025-11-29 00:15:10'),(10,'han_minseok','$2y$10$abcdefghijklmnopqrstuvwxyz123456789','M',1982,'2025-11-29 00:15:10'),(11,'shin_yujin','$2y$10$abcdefghijklmnopqrstuvwxyz123456789','F',2008,'2025-11-29 00:15:10'),(12,'oh_taehyun','$2y$10$abcdefghijklmnopqrstuvwxyz123456789','M',1963,'2025-11-29 00:15:10'),(13,'seo_eunji','$2y$10$abcdefghijklmnopqrstuvwxyz123456789','F',1993,'2025-11-29 00:15:10'),(14,'ahn_donghyun','$2y$10$abcdefghijklmnopqrstuvwxyz123456789','M',1979,'2025-11-29 00:15:10'),(15,'song_nayeon','$2y$10$abcdefghijklmnopqrstuvwxyz123456789','F',1996,'2025-11-29 00:15:10'),(16,'hong_jaehyun','$2y$10$abcdefghijklmnopqrstuvwxyz123456789','M',2001,'2025-11-29 00:15:10'),(17,'moon_sohee','$2y$10$abcdefghijklmnopqrstuvwxyz123456789','F',1971,'2025-11-29 00:15:10'),(18,'nam_kyungsoo','$2y$10$abcdefghijklmnopqrstuvwxyz123456789','M',1987,'2025-11-29 00:15:10'),(19,'kwon_jisoo','$2y$10$abcdefghijklmnopqrstuvwxyz123456789','F',2004,'2025-11-29 00:15:10'),(20,'bae_seungho','$2y$10$abcdefghijklmnopqrstuvwxyz123456789','M',1976,'2025-11-29 00:15:10'),(21,'go_hyejin','$2y$10$abcdefghijklmnopqrstuvwxyz123456789','F',1999,'2025-11-29 00:15:10'),(22,'jo_minho','$2y$10$abcdefghijklmnopqrstuvwxyz123456789','M',1965,'2025-11-29 00:15:10'),(23,'yu_areum','$2y$10$abcdefghijklmnopqrstuvwxyz123456789','F',1992,'2025-11-29 00:15:10'),(24,'noh_jungwoo','$2y$10$abcdefghijklmnopqrstuvwxyz123456789','M',1984,'2025-11-29 00:15:10'),(25,'woo_dahyun','$2y$10$abcdefghijklmnopqrstuvwxyz123456789','F',2007,'2025-11-29 00:15:10'),(26,'son_joonho','$2y$10$abcdefghijklmnopqrstuvwxyz123456789','M',1960,'2025-11-29 00:15:10'),(27,'baek_sooyoung','$2y$10$abcdefghijklmnopqrstuvwxyz123456789','F',1989,'2025-11-29 00:15:10'),(28,'heo_sanghoon','$2y$10$abcdefghijklmnopqrstuvwxyz123456789','M',1973,'2025-11-29 00:15:10'),(29,'yang_minji','$2y$10$abcdefghijklmnopqrstuvwxyz123456789','F',2010,'2025-11-29 00:15:10'),(30,'im_youngjae','$2y$10$abcdefghijklmnopqrstuvwxyz123456789','M',1997,'2025-11-29 00:15:10'),(31,'pyo_seoyoung','$2y$10$abcdefghijklmnopqrstuvwxyz123456789','F',1978,'2025-11-29 00:15:10'),(32,'ki_dohyun','$2y$10$abcdefghijklmnopqrstuvwxyz123456789','M',2003,'2025-11-29 00:15:10'),(33,'ryoo_jiyoung','$2y$10$abcdefghijklmnopqrstuvwxyz123456789','F',1966,'2025-11-29 00:15:10'),(34,'ma_junseok','$2y$10$abcdefghijklmnopqrstuvwxyz123456789','M',1994,'2025-11-29 00:15:10'),(35,'bang_hayoung','$2y$10$abcdefghijklmnopqrstuvwxyz123456789','F',1981,'2025-11-29 00:15:10'),(36,'seok_jihwan','$2y$10$abcdefghijklmnopqrstuvwxyz123456789','M',1969,'2025-11-29 00:15:10'),(37,'myung_yebin','$2y$10$abcdefghijklmnopqrstuvwxyz123456789','F',2006,'2025-11-29 00:15:10'),(38,'ko_seungjin','$2y$10$abcdefghijklmnopqrstuvwxyz123456789','M',1990,'2025-11-29 00:15:10'),(39,'tan_hyewon','$2y$10$abcdefghijklmnopqrstuvwxyz123456789','F',1974,'2025-11-29 00:15:10'),(40,'hwang_minsoo','$2y$10$abcdefghijklmnopqrstuvwxyz123456789','M',2000,'2025-11-29 00:15:10'),(41,'yoo_subin','$2y$10$abcdefghijklmnopqrstuvwxyz123456789','F',1986,'2025-11-29 00:15:10'),(42,'chang_wonshik','$2y$10$abcdefghijklmnopqrstuvwxyz123456789','M',1962,'2025-11-29 00:15:10'),(43,'cheon_gayoung','$2y$10$abcdefghijklmnopqrstuvwxyz123456789','F',2009,'2025-11-29 00:15:10'),(44,'sim_doyoon','$2y$10$abcdefghijklmnopqrstuvwxyz123456789','M',1983,'2025-11-29 00:15:10'),(45,'cha_seohyun','$2y$10$abcdefghijklmnopqrstuvwxyz123456789','F',1977,'2025-11-29 00:15:10'),(46,'ku_jinwoo','$2y$10$abcdefghijklmnopqrstuvwxyz123456789','M',1995,'2025-11-29 00:15:10'),(47,'soon_jiwoo','$2y$10$abcdefghijklmnopqrstuvwxyz123456789','F',2001,'2025-11-29 00:15:10'),(48,'bin_changmin','$2y$10$abcdefghijklmnopqrstuvwxyz123456789','M',1967,'2025-11-29 00:15:10'),(49,'jeon_bokyung','$2y$10$abcdefghijklmnopqrstuvwxyz123456789','F',1991,'2025-11-29 00:15:10'),(50,'won_jaewon','$2y$10$abcdefghijklmnopqrstuvwxyz123456789','M',1980,'2025-11-29 00:15:10'),(51,'gi_younghee','$2y$10$abcdefghijklmnopqrstuvwxyz123456789','F',2004,'2025-11-29 00:15:10'),(52,'on_kyungmin','$2y$10$abcdefghijklmnopqrstuvwxyz123456789','M',1972,'2025-11-29 00:15:10'),(53,'tak_jieun','$2y$10$abcdefghijklmnopqrstuvwxyz123456789','F',1998,'2025-11-29 00:15:10'),(54,'pin_sungjin','$2y$10$abcdefghijklmnopqrstuvwxyz123456789','M',2008,'2025-11-29 00:15:10'),(55,'geum_aerin','$2y$10$abcdefghijklmnopqrstuvwxyz123456789','F',1964,'2025-11-29 00:15:10'),(56,'ha_gunwoo','$2y$10$abcdefghijklmnopqrstuvwxyz123456789','M',1993,'2025-11-29 00:15:10'),(57,'ryu_jinsol','$2y$10$abcdefghijklmnopqrstuvwxyz123456789','F',1985,'2025-11-29 00:15:10'),(58,'mo_hanbit','$2y$10$abcdefghijklmnopqrstuvwxyz123456789','M',1970,'2025-11-29 00:15:10'),(59,'um_sarang','$2y$10$abcdefghijklmnopqrstuvwxyz123456789','F',2007,'2025-11-29 00:15:10'),(60,'gang_taewook','$2y$10$abcdefghijklmnopqrstuvwxyz123456789','M',1988,'2025-11-29 00:15:10'),(61,'je_sohyeon','$2y$10$abcdefghijklmnopqrstuvwxyz123456789','F',1975,'2025-11-29 00:15:10'),(62,'huh_seungwoo','$2y$10$abcdefghijklmnopqrstuvwxyz123456789','M',2002,'2025-11-29 00:15:10'),(63,'gong_seulgi','$2y$10$abcdefghijklmnopqrstuvwxyz123456789','F',1989,'2025-11-29 00:15:10'),(64,'sun_youngmin','$2y$10$abcdefghijklmnopqrstuvwxyz123456789','M',1961,'2025-11-29 00:15:10'),(65,'ji_chaewon','$2y$10$abcdefghijklmnopqrstuvwxyz123456789','F',2005,'2025-11-29 00:15:10'),(66,'do_jongseok','$2y$10$abcdefghijklmnopqrstuvwxyz123456789','M',1979,'2025-11-29 00:15:10'),(67,'sang_mikyung','$2y$10$abcdefghijklmnopqrstuvwxyz123456789','F',1996,'2025-11-29 00:15:10'),(68,'so_kyungho','$2y$10$abcdefghijklmnopqrstuvwxyz123456789','M',1982,'2025-11-29 00:15:10'),(69,'man_jiyeon','$2y$10$abcdefghijklmnopqrstuvwxyz123456789','F',2010,'2025-11-29 00:15:10'),(70,'pi_donghoon','$2y$10$abcdefghijklmnopqrstuvwxyz123456789','M',1968,'2025-11-29 00:15:10'),(71,'dang_yerin','$2y$10$abcdefghijklmnopqrstuvwxyz123456789','F',1994,'2025-11-29 00:15:10'),(72,'gal_sungmin','$2y$10$abcdefghijklmnopqrstuvwxyz123456789','M',1976,'2025-11-29 00:15:10'),(73,'sa_hyunjung','$2y$10$abcdefghijklmnopqrstuvwxyz123456789','F',2009,'2025-11-29 00:15:10'),(74,'tae_woojin','$2y$10$abcdefghijklmnopqrstuvwxyz123456789','M',1987,'2025-11-29 00:15:10'),(75,'gan_suyeon','$2y$10$abcdefghijklmnopqrstuvwxyz123456789','F',1973,'2025-11-29 00:15:10'),(76,'du_yoonsung','$2y$10$abcdefghijklmnopqrstuvwxyz123456789','M',2003,'2025-11-29 00:15:10'),(77,'gu_hyerim','$2y$10$abcdefghijklmnopqrstuvwxyz123456789','F',1963,'2025-11-29 00:15:10'),(78,'ga_seunghyun','$2y$10$abcdefghijklmnopqrstuvwxyz123456789','M',1992,'2025-11-29 00:15:10'),(79,'na_boram','$2y$10$abcdefghijklmnopqrstuvwxyz123456789','F',1984,'2025-11-29 00:15:10'),(80,'da_junghoon','$2y$10$abcdefghijklmnopqrstuvwxyz123456789','M',1965,'2025-11-29 00:15:10'),(81,'la_seoyun','$2y$10$abcdefghijklmnopqrstuvwxyz123456789','F',2006,'2025-11-29 00:15:10'),(82,'ma_hyunsung','$2y$10$abcdefghijklmnopqrstuvwxyz123456789','M',1990,'2025-11-29 00:15:10'),(83,'ba_yunhee','$2y$10$abcdefghijklmnopqrstuvwxyz123456789','F',1978,'2025-11-29 00:15:10'),(84,'sa_joonwoo','$2y$10$abcdefghijklmnopqrstuvwxyz123456789','M',2001,'2025-11-29 00:15:10'),(85,'ah_soeun','$2y$10$abcdefghijklmnopqrstuvwxyz123456789','F',1986,'2025-11-29 00:15:10'),(86,'ja_youngchul','$2y$10$abcdefghijklmnopqrstuvwxyz123456789','M',1960,'2025-11-29 00:15:10'),(87,'cha_jimin','$2y$10$abcdefghijklmnopqrstuvwxyz123456789','F',2008,'2025-11-29 00:15:10'),(88,'ka_sunwoo','$2y$10$abcdefghijklmnopqrstuvwxyz123456789','M',1974,'2025-11-29 00:15:10'),(89,'ta_nayoung','$2y$10$abcdefghijklmnopqrstuvwxyz123456789','F',1997,'2025-11-29 00:15:10'),(90,'pa_gunho','$2y$10$abcdefghijklmnopqrstuvwxyz123456789','M',1981,'2025-11-29 00:15:10'),(91,'ha_jieun','$2y$10$abcdefghijklmnopqrstuvwxyz123456789','F',2004,'2025-11-29 00:15:10'),(92,'bu_sangwoo','$2y$10$abcdefghijklmnopqrstuvwxyz123456789','M',1969,'2025-11-29 00:15:10'),(93,'su_yeonhee','$2y$10$abcdefghijklmnopqrstuvwxyz123456789','F',1995,'2025-11-29 00:15:10'),(94,'nu_jungho','$2y$10$abcdefghijklmnopqrstuvwxyz123456789','M',1983,'2025-11-29 00:15:10'),(95,'du_ahreum','$2y$10$abcdefghijklmnopqrstuvwxyz123456789','F',2010,'2025-11-29 00:15:10'),(96,'ru_minjae','$2y$10$abcdefghijklmnopqrstuvwxyz123456789','M',1988,'2025-11-29 00:15:10'),(97,'kim_seoyoung','$2y$10$abcdefghijklmnopqrstuvwxyz123456789','F',2002,'2025-11-29 00:15:10'),(98,'lee_nakyeong','$2y$10$abcdefghijklmnopqrstuvwxyz123456789','F',2003,'2025-11-29 00:15:10'),(99,'park_nadam','$2y$10$abcdefghijklmnopqrstuvwxyz123456789','F',2001,'2025-11-29 00:15:10'),(100,'yang_dongseon','$2y$10$abcdefghijklmnopqrstuvwxyz123456789','F',2002,'2025-11-29 00:15:10');
/*!40000 ALTER TABLE `users` ENABLE KEYS */;
UNLOCK TABLES;
/*!40103 SET TIME_ZONE=@OLD_TIME_ZONE */;

/*!40101 SET SQL_MODE=@OLD_SQL_MODE */;
/*!40014 SET FOREIGN_KEY_CHECKS=@OLD_FOREIGN_KEY_CHECKS */;
/*!40014 SET UNIQUE_CHECKS=@OLD_UNIQUE_CHECKS */;
/*!40101 SET CHARACTER_SET_CLIENT=@OLD_CHARACTER_SET_CLIENT */;
/*!40101 SET CHARACTER_SET_RESULTS=@OLD_CHARACTER_SET_RESULTS */;
/*!40101 SET COLLATION_CONNECTION=@OLD_COLLATION_CONNECTION */;
/*!40111 SET SQL_NOTES=@OLD_SQL_NOTES */;

-- Dump completed on 2025-11-29  0:17:35
